Time (UNIX),Acc_x (1/64g),Acc_y (1/64g),Acc_z (1/64g),Left_Speed,Right_Speed,Comments
1639348385,-7,2,63,4,4,Low Speed
1639348386,-6,18,61,13,14,Increasing Speed
1639348387,-1,20,56,16,16,Moving Straight
1639348388,-1,31,53,24,24,Moving Straight
1639348389,-3,24,57,19,19,Moving Straight
1639348390,4,31,56,24,23,Moving Straight
1639348391,1,36,54,28,28,Moving Straight
1639348392,-2,56,20,43,44,Moving Straight
1639348393,-2,59,16,45,46,Moving Straight
1639348394,-3,59,12,45,46,Moving Straight
1639348395,-2,59,12,45,46,Moving Straight
1639348396,-1,59,11,46,46,Moving Straight
1639348397,28,53,5,41,32,Turning Right
1639348398,35,52,2,41,30,Turning Right
1639348399,46,38,4,33,21,Turning Right
1639348400,32,49,8,38,28,Turning Right
1639348401,22,56,8,44,36,Turning Right
1639348402,-25,56,8,35,44,Turning Left
1639348403,-33,51,10,30,40,Turning Left
,,,,,,
1639348404,-9,60,5,44,47,
,,,,,,
1639348405,-4,62,3,46,48,
,,,,,,
1639348406,-4,60,2,45,47,
,,,,,,
1639348407,-25,55,9,35,43,
,,,,,,
1639348408,-41,45,10,24,35,
,,,,,,
1639348409,-43,43,8,23,34,
,,,,,,
1639348410,-42,44,8,23,34,
,,,,,,
1639348411,-39,47,6,26,37,
,,,,,,
1639348412,-19,58,-11,38,45,
,,,,,,
1639348413,-7,70,-40,52,55,
,,,,,,
1639348414,-2,49,-14,37,38,
,,,,,,
1639348415,-9,63,-22,45,49,
,,,,,,
1639348416,-1,63,-6,49,49,
,,,,,,
1639348417,-2,62,-24,47,48,
,,,,,,
1639348418,-5,57,-8,43,45,
,,,,,,
1639348419,6,63,-10,49,47,
,,,,,,
1639348420,36,39,-32,30,22,
,,,,,,
1639348421,43,37,-28,31,21,
,,,,,,
1639348422,6,59,-23,46,44,
,,,,,,
1639348423,16,53,-33,41,36,
,,,,,,
1639348424,4,52,-25,41,40,
,,,,,,
1639348425,-11,54,-8,38,42,
,,,,,,
1639348426,-5,53,-43,39,41,
,,,,,,
1639348427,1,55,-24,43,43,
,,,,,,
1639348428,-3,59,-36,45,46,
,,,,,,
1639348429,1,59,9,46,46,
,,,,,,
1639348430,6,68,7,53,51,
,,,,,,
1639348431,48,36,-11,33,21,
,,,,,,
1639348432,42,44,-21,34,23,
,,,,,,
1639348433,53,24,-28,30,18,
,,,,,,
1639348434,49,27,-27,30,18,
,,,,,,
1639348435,52,24,-28,30,18,
,,,,,,
1639348436,51,31,-24,32,19,
,,,,,,
1639348437,4,51,-38,40,39,
,,,,,,
1639348438,-3,53,-34,40,41,
,,,,,,
1639348439,6,51,-38,40,38,
,,,,,,
1639348440,7,49,-37,38,36,
,,,,,,
1639348441,5,50,-37,39,37,
,,,,,,
1639348442,-2,52,-40,40,41,
,,,,,,
1639348443,5,56,-36,44,42,
,,,,,,
1639348444,-54,32,-11,20,34,
,,,,,,
1639348445,-60,20,2,17,31,
,,,,,,
1639348446,-61,9,-1,14,27,
,,,,,,
1639348447,-60,20,-2,17,31,
,,,,,,
1639348448,10,55,-45,43,40,
,,,,,,
1639348449,2,38,-30,30,30,
,,,,,,
1639348450,54,9,-34,25,14,
,,,,,,
1639348451,91,6,-34,38,11,
,,,,,,
1639348452,-9,-57,35,-42,-45,
,,,,,,
1639348453,1,-58,35,-45,-45,
,,,,,,
1639348454,3,-57,28,-45,-44,
,,,,,,
1639348455,6,-56,37,-44,-42,
,,,,,,
1639348456,5,-54,34,-42,-40,
,,,,,,
1639348457,2,-53,37,-41,-40,
,,,,,,
1639348458,-1,-52,34,-41,-41,
,,,,,,
1639348459,-2,-50,38,-38,-39,
,,,,,,
1639348460,2,-46,44,-36,-35,
,,,,,,
1639348461,-1,33,56,26,26,
,,,,,,
1639348462,-7,-55,39,-41,-43,
,,,,,,
1639348463,-15,-53,29,-36,-41,
,,,,,,
1639348464,-9,-57,25,-42,-45,
,,,,,,
1639348465,2,-63,12,-49,-48,
,,,,,,
1639348466,14,58,27,45,40,
,,,,,,
1639348467,1,62,1,48,48,
,,,,,,
1639348468,50,37,-1,34,21,
,,,,,,
1639348469,53,30,-9,32,19,
,,,,,,
1639348470,55,31,-7,34,19,
,,,,,,
1639348471,-7,65,19,48,51,
,,,,,,
1639348472,13,-35,50,-27,-24,
,,,,,,
1639348473,8,-53,31,-41,-38,
,,,,,,
1639348474,10,-54,31,-42,-39,
,,,,,,
1639348475,11,-56,31,-44,-40,
,,,,,,
1639348477,14,-55,34,-43,-38,
,,,,,,
1639348477,4,53,31,41,40,
,,,,,,
1639348478,6,55,20,43,41,
,,,,,,
1639348480,52,34,7,34,20,
,,,,,,
1639348480,32,49,-8,38,28,
,,,,,,
1639348482,42,42,-13,33,22,
,,,,,,
1639348483,50,31,-23,32,20,
,,,,,,
1639348483,49,31,-24,31,19,
,,,,,,
1639348484,50,30,-22,31,19,
,,,,,,
1639348486,50,31,-22,32,20,
,,,,,,
1639348486,50,34,-21,33,20,
,,,,,,
1639348488,-2,50,-32,38,39,
,,,,,,
1639348489,-2,51,-31,39,40,
,,,,,,
1639348490,-4,52,-33,40,41,
,,,,,,
1639348491,-4,51,-32,39,40,
,,,,,,
1639348492,6,45,-1,35,33,
,,,,,,
1639348493,28,-44,22,-34,-27,
,,,,,,
1639348494,3,-63,-20,-49,-48,
,,,,,,
1639348495,-4,-63,-11,-47,-49,
,,,,,,
1639348496,-4,-62,-14,-46,-48,
,,,,,,
1639348497,-2,-53,-39,-40,-41,
,,,,,,
1639348498,-2,-52,-37,-40,-41,
,,,,,,
1639348499,-4,62,0,46,48,
,,,,,,
1639348500,1,59,-11,46,46,
,,,,,,
1639348501,0,61,-12,48,48,
,,,,,,
1639348502,2,61,-13,48,47,
,,,,,,
1639348503,3,59,-13,46,45,
,,,,,,
1639348504,3,59,-13,46,45,
,,,,,,
1639348505,3,59,-13,46,45,
,,,,,,
1639348506,3,58,-12,45,44,
,,,,,,
1639348507,-4,61,-3,46,48,
,,,,,,
1639348508,3,33,-31,26,25,
,,,,,,
1639348509,-7,49,-33,36,38,
,,,,,,
1639348510,-9,48,-38,35,38,
,,,,,,
1639348511,-12,49,-36,34,38,
,,,,,,
1639348512,6,49,-37,38,36,
,,,,,,
1639348513,36,35,-12,28,20,
,,,,,,
1639348514,54,28,15,32,18,
,,,,,,
1639348515,25,52,-1,41,33,
,,,,,,
1639348516,34,48,0,38,28,
,,,,,,
1639348517,-19,-29,49,-20,-23,
,,,,,,
1639348518,-4,-37,53,-28,-29,
,,,,,,
1639348519,1,-54,18,-42,-42,
,,,,,,
1639348520,-4,-60,7,-45,-47,
,,,,,,
1639348521,-4,-65,8,-49,-51,
,,,,,,
1639348522,-3,-64,9,-49,-50,
,,,,,,
1639348523,-1,-66,2,-52,-52,
,,,,,,
1639348524,-9,-62,4,-45,-48,
,,,,,,
1639348525,1,-58,3,-45,-45,
,,,,,,
1639348526,5,55,37,43,41,
,,,,,,
1639348527,6,59,-1,46,44,
,,,,,,
1639348528,53,30,-19,32,19,
,,,,,,
1639348529,56,16,-24,28,16,
,,,,,,
1639348530,55,20,-24,29,17,
,,,,,,
1639348531,59,5,-24,25,13,
,,,,,,
1639348532,58,2,-24,23,13,
,,,,,,
1639348533,59,1,-25,23,12,
,,,,,,
1639348534,60,6,-22,26,14,
,,,,,,
1639348535,59,15,-15,29,16,
,,,,,,
1639348536,0,-9,59,-7,-7,
,,,,,,
1639348537,4,-17,59,-13,-13,
,,,,,,
1639348538,8,-7,62,-6,-6,
,,,,,,
1639348539,6,2,64,3,3,
,,,,,,
1639348540,7,5,64,5,5,
,,,,,,
1639348541,-3,-1,59,-2,-2,
,,,,,,
1639348542,5,31,51,24,23,
,,,,,,
1639348543,5,52,37,41,39,
,,,,,,
1639348544,5,49,35,38,37,
,,,,,,
1639348545,-1,18,65,14,14,
,,,,,,
1639348546,5,-36,58,-28,-27,
,,,,,,
1639348547,5,-43,48,-34,-33,
,,,,,,
1639348548,6,-30,57,-23,-22,
,,,,,,
1639348549,5,12,62,9,9,
,,,,,,
1639348550,7,16,61,12,11,
,,,,,,
1639348551,2,20,58,16,16,
,,,,,,
1639348552,-16,34,49,24,27,
,,,,,,
1639348553,-35,37,31,21,29,
,,,,,,
1639348554,-47,37,23,21,33,
,,,,,,
1639348555,-49,32,20,20,32,
,,,,,,
1639348556,-50,33,21,20,32,
,,,,,,
1639348557,-2,38,48,30,30,
,,,,,,
1639348558,-4,6,56,5,5,
,,,,,,
1639348559,10,-23,64,-18,-17,
,,,,,,
1639348560,5,-14,64,-11,-11,
,,,,,,
1639348561,5,14,59,11,11,
,,,,,,
1639348562,3,60,-2,47,46,
,,,,,,
1639348563,15,57,-1,45,40,
,,,,,,
1639348564,53,29,0,32,19,
,,,,,,
1639348565,45,38,12,32,21,
,,,,,,
1639348566,47,39,16,34,22,
,,,,,,
1639348567,49,36,15,33,20,
,,,,,,
1639348568,48,35,17,32,20,
,,,,,,
1639348569,36,16,47,20,14,
,,,,,,
1639348570,12,60,-3,47,43,
,,,,,,
1639348571,-52,-24,28,-18,-30,
,,,,,,
1639348572,-56,28,5,19,33,
,,,,,,
1639348573,-55,27,3,18,32,
,,,,,,
1639348574,-39,23,41,17,24,
,,,,,,
1639348575,-19,17,56,12,14,
,,,,,,
1639348576,5,-61,-1,-48,-46,
,,,,,,
1639348577,1,-63,-2,-49,-49,
,,,,,,
1639348578,2,-64,-2,-50,-49,
,,,,,,
1639348579,0,-56,30,-44,-44,
,,,,,,
1639348580,0,-58,19,-45,-45,
,,,,,,
1639348581,7,33,52,26,25,
,,,,,,
1639348582,4,-8,62,-6,-6,
,,,,,,
1639348583,4,-4,65,-3,-3,
,,,,,,
1639348584,4,-6,65,-5,-5,
,,,,,,
1639348585,4,-7,64,-5,-5,
,,,,,,
1639348586,0,-1,63,-1,-1,
,,,,,,
1639348587,4,0,64,2,2,
,,,,,,
1639348588,4,-1,64,-2,-2,
,,,,,,
1639348589,3,-2,64,-2,-2,
,,,,,,
1639348591,30,13,53,17,13,
,,,,,,
1639348592,22,5,66,11,9,
,,,,,,
1639348594,4,-1,64,-2,-2,
,,,,,,
1639348640,-20,8,62,9,11,
,,,,,,
1639348641,6,30,77,23,22,
,,,,,,
1639348641,10,7,58,7,6,
,,,,,,
1639348641,8,12,57,9,8,
,,,,,,
1639348641,6,6,65,5,5,
,,,,,,
1639348641,0,3,63,2,2,
,,,,,,
1639348641,2,5,64,4,4,
,,,,,,
1639348641,4,9,73,7,7,
,,,,,,
1639348642,-10,13,42,9,10,
,,,,,,
1639348642,-11,5,36,6,6,
,,,,,,
1639348642,-10,12,74,8,9,
,,,,,,
1639348642,-11,-3,65,-5,-5,
,,,,,,
1639348642,-8,-2,67,-4,-4,
,,,,,,
1639348642,-28,-23,62,-16,-20,
,,,,,,
1639348642,-12,6,51,6,7,
,,,,,,
1639348642,-20,-19,41,-13,-15,
,,,,,,
1639348642,-14,14,62,10,11,
,,,,,,
1639348642,-18,6,52,8,9,
,,,,,,
1639348643,-20,2,46,8,9,
,,,,,,
1639348643,-11,-7,74,-6,-7,
,,,,,,
1639348643,-10,4,53,5,5,
,,,,,,
1639348643,-2,-5,61,-4,-4,
,,,,,,
1639348643,-10,0,59,4,4,
,,,,,,
1639348643,-1,11,78,9,9,
,,,,,,
1639348643,0,28,86,22,22,
,,,,,,
1639348644,-1,11,75,9,9,
,,,,,,
1639348644,3,-1,64,-2,-2,
,,,,,,
1639348644,6,0,62,2,2,
,,,,,,
1639348644,13,-6,61,-7,-6,
,,,,,,
1639348644,5,-11,68,-9,-9,
,,,,,,
1639348644,5,-11,67,-9,-9,
,,,,,,
1639348644,1,-6,75,-5,-5,
,,,,,,
1639348645,3,-7,63,-5,-5,
,,,,,,
1639348645,4,-11,61,-9,-9,
,,,,,,
1639348645,3,2,57,2,2,
,,,,,,
1639348645,8,0,69,3,3,
,,,,,,
1639348645,8,-1,67,-4,-4,
,,,,,,
1639348645,7,12,62,9,8,
,,,,,,
1639348645,-9,20,58,15,16,
,,,,,,
1639348645,-9,24,58,18,19,
,,,,,,
1639348646,-23,30,52,19,23,
,,,,,,
1639348646,-26,30,50,18,23,
,,,,,,
1639348646,-26,23,51,15,19,
,,,,,,
1639348646,-29,33,45,20,26,
,,,,,,
1639348646,-27,28,45,17,22,
,,,,,,
1639348646,-31,35,42,20,27,
,,,,,,
1639348646,-33,34,42,20,27,
,,,,,,
1639348646,-33,34,40,20,27,
,,,,,,
1639348647,-33,34,40,20,27,
,,,,,,
1639348647,-34,33,39,19,26,
,,,,,,
1639348647,-35,33,38,20,27,
,,,,,,
1639348647,-35,36,35,20,28,
,,,,,,
1639348647,-33,38,31,22,30,
,,,,,,
1639348647,-34,43,31,25,34,
,,,,,,
1639348647,-34,46,28,26,36,
,,,,,,
1639348648,-34,45,27,26,35,
,,,,,,
1639348648,-33,44,27,25,34,
,,,,,,
1639348648,-33,44,27,25,34,
,,,,,,
1639348648,-36,42,24,24,33,
,,,,,,
1639348648,-35,45,26,25,35,
,,,,,,
1639348648,-44,38,24,21,32,
,,,,,,
1639348648,-52,30,16,19,32,
,,,,,,
1639348648,-51,33,16,20,33,
,,,,,,
1639348648,-52,33,16,20,33,
,,,,,,
1639348649,-52,31,15,19,32,
,,,,,,
1639348649,-54,31,16,19,33,
,,,,,,
1639348649,-52,32,14,20,33,
,,,,,,
1639348649,-52,31,14,19,32,
,,,,,,
1639348649,-53,31,13,19,33,
,,,,,,
1639348649,-53,31,11,19,33,
,,,,,,
1639348649,-53,31,11,19,33,
,,,,,,
1639348649,-53,31,12,19,33,
,,,,,,
1639348650,-53,31,12,19,33,
,,,,,,
1639348650,-53,31,12,19,33,
,,,,,,
1639348650,-52,31,13,19,32,
,,,,,,
1639348650,-52,31,13,19,32,
,,,,,,
1639348650,-52,31,13,19,32,
,,,,,,
1639348650,-53,32,13,19,33,
,,,,,,
1639348650,-51,31,13,19,32,
,,,,,,
1639348651,-53,32,13,19,33,
,,,,,,
1639348651,-52,32,13,20,33,
,,,,,,
1639348651,-52,32,12,20,33,
,,,,,,
1639348651,-53,32,11,19,33,
,,,,,,
1639348651,-51,32,12,19,32,
,,,,,,
1639348651,-52,32,13,20,33,
,,,,,,
1639348651,-52,33,11,20,33,
,,,,,,
1639348651,-51,33,11,20,33,
,,,,,,
1639348651,-51,33,11,20,33,
,,,,,,
1639348652,-52,33,10,20,33,
,,,,,,
1639348652,-52,33,9,20,33,
,,,,,,
1639348652,-53,32,9,19,33,
,,,,,,
1639348652,-53,31,9,19,33,
,,,,,,
1639348652,-54,31,9,19,33,
,,,,,,
1639348652,-54,30,8,19,33,
,,,,,,
1639348653,-54,31,7,19,33,
,,,,,,
1639348653,-54,32,7,20,34,
,,,,,,
1639348653,-54,30,7,19,33,
,,,,,,
1639348653,-53,31,7,19,33,
,,,,,,
1639348653,-54,30,7,19,33,
,,,,,,
1639348653,-53,30,8,19,32,
,,,,,,
1639348653,-53,31,8,19,33,
,,,,,,
1639348653,-54,31,8,19,33,
,,,,,,
1639348653,-53,31,8,19,33,
,,,,,,
1639348654,-54,30,8,19,33,
,,,,,,
1639348654,-53,30,8,19,32,
,,,,,,
1639348654,-53,32,8,19,33,
,,,,,,
1639348654,-54,31,8,19,33,
,,,,,,
1639348654,-54,30,9,19,33,
,,,,,,
1639348654,-54,29,9,18,32,
,,,,,,
1639348654,-54,30,10,19,33,
,,,,,,
1639348655,-54,30,11,19,33,
,,,,,,
1639348655,-56,33,13,20,35,
,,,,,,
1639348655,-48,33,17,20,32,
,,,,,,
1639348655,-45,38,24,21,32,
,,,,,,
1639348655,-41,37,30,20,30,
,,,,,,
1639348655,-31,36,37,21,28,
,,,,,,
1639348655,-29,38,40,23,30,
,,,,,,
1639348655,-28,38,40,24,30,
,,,,,,
1639348656,-21,36,44,23,28,
,,,,,,
1639348656,-3,26,62,20,20,
,,,,,,
1639348656,3,20,64,16,16,
,,,,,,
1639348656,6,2,60,3,3,
,,,,,,
1639348656,1,0,65,0,0,
,,,,,,
1639348656,-1,1,65,1,1,
,,,,,,
1639348656,0,4,57,3,3,
,,,,,,
1639348657,1,43,33,34,34,
,,,,,,
1639348657,-6,62,20,46,48,
,,,,,,
1639348657,-11,82,10,59,64,
,,,,,,
1639348657,-14,57,-13,40,45,
,,,,,,
1639348657,-12,58,-14,41,45,
,,,,,,
1639348657,-17,57,-19,39,45,
,,,,,,
1639348657,-16,57,-20,40,45,
,,,,,,
1639348657,-15,54,-19,37,42,
,,,,,,
1639348657,-15,57,-18,40,45,
,,,,,,
1639348658,-14,56,-19,39,44,
,,,,,,
1639348658,-14,56,-16,39,44,
,,,,,,
1639348658,-14,57,-17,40,45,
,,,,,,
1639348658,-15,57,-16,40,45,
,,,,,,
1639348658,-14,57,-17,40,45,
,,,,,,
1639348658,-14,56,-17,39,44,
,,,,,,
1639348658,-15,58,-17,40,45,
,,,,,,
1639348658,-9,58,-15,42,45,
,,,,,,
1639348659,8,59,-4,46,43,
,,,,,,
1639348659,8,58,-7,45,42,
,,,,,,
1639348659,17,59,-8,46,40,
,,,,,,
1639348659,19,59,-7,46,39,
,,,,,,
1639348659,26,58,-5,45,36,
,,,,,,
1639348659,35,49,0,38,28,
,,,,,,
1639348659,38,51,4,40,28,
,,,,,,
1639348659,42,45,6,35,24,
,,,,,,
1639348660,45,41,9,34,22,
,,,,,,
1639348660,47,40,8,34,22,
,,,,,,
1639348660,50,39,13,35,21,
,,,,,,
1639348660,48,32,19,31,19,
,,,,,,
1639348660,48,33,20,32,20,
,,,,,,
1639348660,48,34,22,32,20,
,,,,,,
1639348660,46,34,22,31,20,
,,,,,,
1639348660,47,35,22,32,20,
,,,,,,
1639348660,47,35,21,32,20,
,,,,,,
1639348661,47,34,21,32,20,
,,,,,,
1639348661,48,36,21,33,21,
,,,,,,
1639348661,47,35,22,32,20,
,,,,,,
1639348661,46,37,22,32,20,
,,,,,,
1639348661,46,36,22,32,20,
,,,,,,
1639348661,46,36,22,32,20,
,,,,,,
1639348661,46,35,22,32,20,
,,,,,,
1639348662,46,37,23,32,20,
,,,,,,
1639348662,44,38,23,32,21,
,,,,,,
1639348662,33,45,22,35,26,
,,,,,,
1639348662,13,56,11,44,40,
,,,,,,
1639348662,11,57,11,45,41,
,,,,,,
1639348662,1,59,10,46,46,
,,,,,,
1639348662,0,58,8,45,45,
,,,,,,
1639348662,2,61,8,48,47,
,,,,,,
1639348663,0,60,6,47,47,
,,,,,,
1639348663,-1,60,4,47,47,
,,,,,,
1639348663,-3,60,3,46,47,
,,,,,,
1639348663,-6,59,2,44,46,
,,,,,,
1639348663,-19,60,3,40,47,
,,,,,,
1639348663,-31,49,4,29,38,
,,,,,,
1639348663,-41,49,4,26,38,
,,,,,,
1639348663,-40,47,6,25,37,
,,,,,,
1639348663,-43,43,7,23,34,
,,,,,,
1639348664,-43,43,6,23,34,
,,,,,,
1639348664,-46,42,5,22,34,
,,,,,,
1639348664,-50,38,6,21,34,
,,,,,,
1639348664,-48,33,6,20,32,
,,,,,,
1639348664,-48,32,2,19,31,
,,,,,,
1639348664,-51,33,9,20,33,
,,,,,,
1639348664,-49,37,7,21,34,
,,,,,,
1639348664,-48,34,9,20,32,
,,,,,,
1639348665,-32,44,7,26,34,
,,,,,,
1639348665,-6,68,-1,51,53,
,,,,,,
1639348665,-4,67,-3,50,52,
,,,,,,
1639348665,-8,60,-7,44,47,
,,,,,,
1639348665,-11,60,-5,43,47,
,,,,,,
1639348665,-10,60,-5,43,47,
,,,,,,
1639348665,-10,58,-6,42,45,
,,,,,,
1639348666,-11,59,-6,42,46,
,,,,,,
1639348666,-11,58,-7,41,45,
,,,,,,
1639348666,-11,59,-6,42,46,
,,,,,,
1639348666,-11,60,-6,43,47,
,,,,,,
1639348666,-11,58,-7,41,45,
,,,,,,
1639348666,-11,59,-6,42,46,
,,,,,,
1639348666,-11,60,-7,43,47,
,,,,,,
1639348666,-11,60,-8,43,47,
,,,,,,
1639348666,-10,60,-8,43,47,
,,,,,,
1639348667,-10,58,-8,42,45,
,,,,,,
1639348667,-10,58,-8,42,45,
,,,,,,
1639348667,-10,60,-8,43,47,
,,,,,,
1639348667,-11,59,-7,42,46,
,,,,,,
1639348667,-12,66,-7,47,52,
,,,,,,
1639348667,-9,65,13,47,51,
,,,,,,
1639348667,-3,59,13,45,46,
,,,,,,
1639348667,4,23,56,18,17,
,,,,,,
1639348668,6,-14,63,-11,-11,
,,,,,,
1639348668,8,-40,43,-31,-29,
,,,,,,
1639348668,9,-46,42,-36,-33,
,,,,,,
1639348668,5,-65,26,-51,-49,
,,,,,,
1639348668,6,-57,22,-45,-43,
,,,,,,
1639348668,3,-64,20,-50,-49,
,,,,,,
1639348668,3,-60,21,-47,-46,
,,,,,,
1639348669,4,-59,20,-46,-44,
,,,,,,
1639348669,3,-60,18,-47,-46,
,,,,,,
1639348669,4,-62,20,-48,-46,
,,,,,,
1639348669,4,-60,23,-47,-45,
,,,,,,
1639348669,4,-61,22,-48,-46,
,,,,,,
1639348669,3,-60,22,-47,-46,
,,,,,,
1639348669,4,-58,18,-45,-44,
,,,,,,
1639348669,8,-63,17,-49,-46,
,,,,,,
1639348669,13,-59,18,-46,-41,
,,,,,,
1639348670,1,-61,10,-48,-48,
,,,,,,
1639348670,-2,-61,11,-47,-48,
,,,,,,
1639348670,-10,-63,6,-45,-49,
,,,,,,
1639348670,-9,-62,8,-45,-48,
,,,,,,
1639348670,-9,-64,7,-46,-50,
,,,,,,
1639348670,-11,-62,9,-44,-48,
,,,,,,
1639348670,-19,-61,5,-41,-48,
,,,,,,
1639348670,-20,-61,7,-41,-48,
,,,,,,
1639348671,-14,-60,8,-42,-47,
,,,,,,
1639348671,-19,-59,9,-39,-46,
,,,,,,
1639348671,-23,-62,7,-39,-48,
,,,,,,
1639348671,-20,-61,8,-41,-48,
,,,,,,
1639348671,-19,-60,8,-40,-47,
,,,,,,
1639348671,-19,-59,8,-39,-46,
,,,,,,
1639348671,-20,-59,8,-39,-46,
,,,,,,
1639348672,-26,-58,6,-36,-45,
,,,,,,
1639348672,-26,-56,7,-35,-44,
,,,,,,
1639348672,-27,-57,7,-36,-45,
,,,,,,
1639348672,-26,-57,8,-36,-45,
,,,,,,
1639348672,-27,-58,8,-36,-45,
,,,,,,
1639348672,-29,-57,7,-35,-45,
,,,,,,
1639348672,-28,-56,8,-34,-44,
,,,,,,
1639348672,-28,-59,8,-36,-46,
,,,,,,
1639348672,-27,-58,8,-36,-45,
,,,,,,
1639348673,-29,-57,6,-35,-45,
,,,,,,
1639348673,-27,-55,7,-34,-43,
,,,,,,
1639348673,-26,-59,8,-37,-46,
,,,,,,
1639348673,-24,-59,9,-37,-46,
,,,,,,
1639348673,-23,-58,9,-37,-45,
,,,,,,
1639348673,-24,-61,9,-39,-48,
,,,,,,
1639348673,-23,-58,8,-37,-45,
,,,,,,
1639348673,-23,-59,8,-38,-46,
,,,,,,
1639348674,-15,-63,6,-43,-49,
,,,,,,
1639348674,-9,-62,6,-45,-48,
,,,,,,
1639348674,-12,-62,6,-43,-48,
,,,,,,
1639348674,-15,-62,4,-42,-48,
,,,,,,
1639348674,-11,-63,6,-45,-49,
,,,,,,
1639348674,-14,-62,5,-43,-48,
,,,,,,
1639348674,-15,-62,4,-42,-48,
,,,,,,
1639348675,-20,-62,5,-41,-48,
,,,,,,
1639348675,-22,-57,8,-37,-45,
,,,,,,
1639348675,-29,-57,5,-35,-45,
,,,,,,
1639348675,-27,-58,7,-36,-45,
,,,,,,
1639348675,-27,-57,6,-36,-45,
,,,,,,
1639348675,-28,-57,6,-35,-45,
,,,,,,
1639348675,-28,-57,5,-35,-45,
,,,,,,
1639348675,-26,-57,7,-36,-45,
,,,,,,
1639348675,-28,-59,5,-36,-46,
,,,,,,
1639348676,-27,-57,5,-36,-45,
,,,,,,
1639348676,-28,-57,4,-35,-45,
,,,,,,
1639348676,-28,-58,6,-35,-45,
,,,,,,
1639348676,-28,-57,4,-35,-45,
,,,,,,
1639348676,-28,-55,5,-34,-43,
,,,,,,
1639348676,-27,-56,6,-35,-44,
,,,,,,
1639348676,-27,-58,6,-36,-45,
,,,,,,
1639348676,-27,-57,5,-36,-45,
,,,,,,
1639348677,-26,-58,6,-36,-45,
,,,,,,
1639348677,-25,-56,6,-35,-44,
,,,,,,
1639348677,-28,-59,4,-36,-46,
,,,,,,
1639348677,1,-66,13,-52,-52,
,,,,,,
1639348677,9,-49,31,-38,-35,
,,,,,,
1639348677,7,-2,58,-4,-4,
,,,,,,
1639348677,22,-9,65,-12,-10,
,,,,,,
1639348677,21,-16,65,-14,-12,
,,,,,,
1639348678,5,-4,63,-4,-4,
,,,,,,
1639348678,4,-4,60,-3,-3,
,,,,,,
1639348678,4,2,64,2,2,
,,,,,,
1639348678,4,0,64,2,2,
,,,,,,
1639348678,7,2,64,4,4,
,,,,,,
1639348678,6,1,64,3,3,
,,,,,,
1639348678,6,2,64,3,3,
,,,,,,
1639348678,6,1,64,3,3,
,,,,,,
1639348678,6,1,64,3,3,
,,,,,,
1639348679,6,-1,64,-3,-3,
,,,,,,
1639348679,6,0,65,2,2,
,,,,,,
1639348679,6,-1,63,-3,-3,
,,,,,,
1639348679,6,-1,64,-3,-3,
,,,,,,
1639348679,7,-1,63,-3,-3,
,,,,,,
1639348679,9,-2,64,-4,-4,
,,,,,,
1639348679,9,-1,63,-4,-4,
,,,,,,
1639348680,11,-1,64,-5,-5,
,,,,,,
1639348680,10,-1,64,-4,-4,
,,,,,,
1639348680,9,-1,64,-4,-4,
,,,,,,
1639348680,10,-1,65,-4,-4,
,,,,,,
1639348680,10,-1,63,-4,-4,
,,,,,,
1639348680,12,-2,63,-5,-5,
,,,,,,
1639348680,12,-2,62,-5,-5,
,,,,,,
1639348680,12,-2,62,-5,-5,
,,,,,,
1639348681,21,1,60,9,8,
,,,,,,
1639348681,31,7,53,15,11,
,,,,,,
1639348681,33,7,51,16,12,
,,,,,,
1639348681,45,10,44,21,14,
,,,,,,
1639348681,53,14,35,26,15,
,,,,,,
1639348681,51,16,35,26,16,
,,,,,,
1639348681,52,12,32,25,15,
,,,,,,
1639348681,54,13,31,26,15,
,,,,,,
1639348682,55,10,31,25,14,
,,,,,,
1639348682,55,10,31,25,14,
,,,,,,
1639348682,56,6,32,24,13,
,,,,,,
1639348682,54,7,31,24,14,
,,,,,,
1639348682,55,8,32,25,14,
,,,,,,
1639348682,54,7,32,24,14,
,,,,,,
1639348682,55,7,32,24,14,
,,,,,,
1639348682,55,7,33,24,14,
,,,,,,
1639348683,54,7,32,24,14,
,,,,,,
1639348683,54,7,33,24,14,
,,,,,,
1639348683,54,7,33,24,14,
,,,,,,
1639348683,54,8,33,24,14,
,,,,,,
1639348683,54,7,34,24,14,
,,,,,,
1639348683,54,5,33,23,13,
,,,,,,
1639348683,55,4,33,23,13,
,,,,,,
1639348683,55,4,33,23,13,
,,,,,,
1639348684,55,4,34,23,13,
,,,,,,
1639348684,53,5,34,23,13,
,,,,,,
1639348684,54,5,34,23,13,
,,,,,,
1639348684,53,4,34,22,13,
,,,,,,
1639348684,54,5,35,23,13,
,,,,,,
1639348684,53,5,35,23,13,
,,,,,,
1639348684,54,5,35,23,13,
,,,,,,
1639348684,53,3,34,22,13,
,,,,,,
1639348684,52,4,34,22,13,
,,,,,,
1639348685,54,3,34,22,13,
,,,,,,
1639348685,52,4,35,22,13,
,,,,,,
1639348685,53,4,36,22,13,
,,,,,,
1639348685,52,4,36,22,13,
,,,,,,
1639348685,53,6,36,23,13,
,,,,,,
1639348685,52,8,36,23,14,
,,,,,,
1639348685,53,7,36,23,13,
,,,,,,
1639348686,52,7,36,23,14,
,,,,,,
1639348686,52,10,36,24,14,
,,,,,,
1639348686,51,17,34,27,16,
,,,,,,
1639348686,50,17,32,26,16,
,,,,,,
1639348686,50,20,32,27,16,
,,,,,,
1639348686,50,22,32,28,17,
,,,,,,
1639348686,50,23,31,29,18,
,,,,,,
1639348686,51,22,31,29,17,
,,,,,,
1639348687,50,22,31,28,17,
,,,,,,
1639348687,50,22,31,28,17,
,,,,,,
1639348687,50,23,31,29,18,
,,,,,,
1639348687,50,23,31,29,18,
,,,,,,
1639348687,49,23,31,28,17,
,,,,,,
1639348687,50,23,31,29,18,
,,,,,,
1639348687,50,23,31,29,18,
,,,,,,
1639348687,50,24,31,29,18,
,,,,,,
1639348687,50,23,31,29,18,
,,,,,,
1639348688,49,23,31,28,17,
,,,,,,
1639348688,49,23,31,28,17,
,,,,,,
1639348688,49,23,31,28,17,
,,,,,,
1639348688,57,38,53,37,21,
,,,,,,
1639348688,54,31,54,33,19,
,,,,,,
1639348688,10,-33,47,-26,-24,
,,,,,,
1639348688,10,-60,24,-47,-43,
,,,,,,
1639348688,8,-55,17,-43,-40,
,,,,,,
1639348689,5,-65,-11,-51,-49,
,,,,,,
1639348689,3,-61,-11,-48,-47,
,,,,,,
1639348689,6,-62,-13,-48,-46,
,,,,,,
1639348689,4,-64,-13,-50,-48,
,,,,,,
1639348689,4,-60,-9,-47,-45,
,,,,,,
1639348689,6,-64,-7,-50,-48,
,,,,,,
1639348689,5,-64,-6,-50,-48,
,,,,,,
1639348690,4,-63,-6,-49,-47,
,,,,,,
1639348690,5,-62,-3,-48,-46,
,,,,,,
1639348690,5,-62,-4,-48,-46,
,,,,,,
1639348690,4,-65,-3,-51,-49,
,,,,,,
1639348690,4,-64,-3,-50,-48,
,,,,,,
1639348690,6,-64,-2,-50,-48,
,,,,,,
1639348690,7,-64,-2,-50,-47,
,,,,,,
1639348690,9,-64,0,-50,-46,
,,,,,,
1639348690,8,-62,1,-48,-45,
,,,,,,
1639348690,7,-63,1,-49,-46,
,,,,,,
1639348691,9,-63,2,-49,-45,
,,,,,,
1639348691,7,-65,1,-51,-48,
,,,,,,
1639348691,8,-63,2,-49,-46,
,,,,,,
1639348691,11,-62,2,-48,-44,
,,,,,,
1639348691,9,-69,2,-54,-50,
,,,,,,
1639348691,11,-64,4,-50,-46,
,,,,,,
1639348691,2,-56,29,-44,-43,
,,,,,,
1639348692,3,-11,62,-9,-9,
,,,,,,
1639348692,6,-4,63,-4,-4,
,,,,,,
1639348692,4,21,61,16,15,
,,,,,,
1639348692,10,24,58,19,18,
,,,,,,
1639348692,9,22,53,17,16,
,,,,,,
1639348692,12,21,58,16,14,
,,,,,,
1639348692,7,24,60,19,18,
,,,,,,
1639348692,10,25,58,20,18,
,,,,,,
1639348693,8,20,58,16,15,
,,,,,,
1639348693,10,21,58,16,15,
,,,,,,
1639348693,12,21,60,16,14,
,,,,,,
1639348693,12,20,58,16,14,
,,,,,,
1639348693,14,19,59,15,13,
,,,,,,
1639348693,13,19,59,15,14,
,,,,,,
1639348693,11,20,61,16,15,
,,,,,,
1639348693,10,14,64,11,10,
,,,,,,
1639348693,11,12,64,9,8,
,,,,,,
1639348694,5,12,64,9,9,
,,,,,,
1639348694,8,7,62,6,6,
,,,,,,
1639348694,7,6,63,5,5,
,,,,,,
1639348694,6,6,64,5,5,
,,,,,,
1639348694,6,5,62,4,4,
,,,,,,
1639348694,6,4,64,4,4,
,,,,,,
1639348694,6,4,63,4,4,
,,,,,,
1639348695,7,4,64,4,4,
,,,,,,
1639348695,7,4,64,4,4,
,,,,,,
1639348695,7,4,64,4,4,
,,,,,,
1639348695,7,2,64,4,4,
,,,,,,
1639348695,7,0,64,3,3,
,,,,,,
1639348695,7,1,65,3,3,
,,,,,,
1639348695,6,4,61,4,4,
,,,,,,
1639348695,5,4,63,4,4,
,,,,,,
1639348696,3,-2,61,-2,-2,
,,,,,,
1639348696,5,1,61,2,2,
,,,,,,
1639348696,5,1,61,2,2,
,,,,,,
1639348696,5,0,63,2,2,
,,,,,,
1639348696,7,5,67,5,5,
,,,,,,
1639348696,8,3,63,4,4,
,,,,,,
1639348696,7,3,64,4,4,
,,,,,,
1639348696,6,4,64,4,4,
,,,,,,
1639348697,6,1,62,3,3,
,,,,,,
1639348697,7,3,64,4,4,
,,,,,,
1639348697,5,3,64,3,3,
,,,,,,
1639348697,5,3,64,3,3,
,,,,,,
1639348697,6,3,63,4,4,
,,,,,,
1639348697,6,4,66,4,4,
,,,,,,
1639348697,6,3,64,4,4,
,,,,,,
1639348697,6,4,63,4,4,
,,,,,,
1639348698,6,4,63,4,4,
,,,,,,
1639348698,6,5,65,4,4,
,,,,,,
1639348698,6,4,63,4,4,
,,,,,,
1639348698,7,4,64,4,4,
,,,,,,
1639348698,7,5,63,5,5,
,,,,,,
1639348698,13,1,60,5,4,
,,,,,,
1639348698,37,8,53,18,13,
,,,,,,
1639348698,42,13,50,21,14,
,,,,,,
1639348699,49,7,42,22,14,
,,,,,,
1639348699,48,-1,42,-19,-12,
,,,,,,
1639348699,48,-2,42,-20,-12,
,,,,,,
1639348699,48,-2,44,-20,-12,
,,,,,,
1639348699,47,-2,43,-19,-12,
,,,,,,
1639348699,48,-2,43,-20,-12,
,,,,,,
1639348699,47,2,42,19,12,
,,,,,,
1639348699,46,2,44,19,12,
,,,,,,
1639348699,46,3,44,19,12,
,,,,,,
1639348700,46,1,44,18,12,
,,,,,,
1639348700,45,1,44,18,12,
,,,,,,
1639348700,46,0,46,18,12,
,,,,,,
1639348700,46,3,47,19,12,
,,,,,,
1639348700,45,4,44,19,12,
,,,,,,
1639348700,47,3,45,20,13,
,,,,,,
1639348700,46,2,44,19,12,
,,,,,,
1639348701,46,1,44,18,12,
,,,,,,
1639348701,46,0,44,18,12,
,,,,,,
1639348701,46,0,43,18,12,
,,,,,,
1639348701,46,-1,44,-18,-12,
,,,,,,
1639348701,47,0,45,18,11,
,,,,,,
1639348701,46,7,42,21,13,
,,,,,,
1639348701,45,28,38,29,19,
,,,,,,
1639348701,47,34,31,32,20,
,,,,,,
1639348702,47,34,28,32,20,
,,,,,,
1639348702,48,33,26,32,20,
,,,,,,
1639348702,47,32,25,31,20,
,,,,,,
1639348702,48,30,25,30,19,
,,,,,,
1639348702,48,32,23,31,19,
,,,,,,
1639348702,48,31,23,31,19,
,,,,,,
1639348702,49,32,23,32,20,
,,,,,,
1639348702,48,31,24,31,19,
,,,,,,
1639348703,49,30,25,31,19,
,,,,,,
1639348703,48,31,25,31,19,
,,,,,,
1639348703,49,31,26,31,19,
,,,,,,
1639348703,48,31,25,31,19,
,,,,,,
1639348703,48,30,26,30,19,
,,,,,,
1639348703,48,31,26,31,19,
,,,,,,
1639348703,48,31,26,31,19,
,,,,,,
1639348703,48,30,25,30,19,
,,,,,,
1639348703,48,30,26,30,19,
,,,,,,
1639348704,49,30,26,31,19,
,,,,,,
1639348704,48,31,26,31,19,
,,,,,,
1639348704,48,31,26,31,19,
,,,,,,
1639348704,48,31,26,31,19,
,,,,,,
1639348704,48,31,26,31,19,
,,,,,,
1639348704,48,30,25,30,19,
,,,,,,
1639348704,49,31,26,31,19,
,,,,,,
1639348705,48,29,25,30,19,
,,,,,,
1639348705,48,31,25,31,19,
,,,,,,
1639348705,49,31,25,31,19,
,,,,,,
1639348705,49,30,23,31,19,
,,,,,,
1639348705,50,31,24,32,20,
,,,,,,
1639348705,50,31,24,32,20,
,,,,,,
1639348705,50,29,24,31,19,
,,,,,,
1639348705,50,29,23,31,19,
,,,,,,
1639348705,50,30,24,31,19,
,,,,,,
1639348706,50,30,23,31,19,
,,,,,,
1639348706,50,30,24,31,19,
,,,,,,
1639348706,50,31,24,32,20,
,,,,,,
1639348706,50,29,24,31,19,
,,,,,,
1639348706,50,30,24,31,19,
,,,,,,
1639348706,50,29,23,31,19,
,,,,,,
1639348706,51,28,22,31,19,
,,,,,,
1639348706,51,29,22,31,19,
,,,,,,
1639348707,53,29,21,32,19,
,,,,,,
1639348707,52,28,21,31,18,
,,,,,,
1639348707,52,28,21,31,18,
,,,,,,
1639348707,52,29,21,32,19,
,,,,,,
1639348707,52,29,20,32,19,
,,,,,,
1639348707,52,28,20,31,18,
,,,,,,
1639348707,52,29,21,32,19,
,,,,,,
1639348708,52,29,21,32,19,
,,,,,,
1639348708,52,30,20,32,19,
,,,,,,
1639348708,52,28,22,31,18,
,,,,,,
1639348708,52,29,21,32,19,
,,,,,,
1639348708,51,28,20,31,19,
,,,,,,
1639348708,52,29,21,32,19,
,,,,,,
1639348708,52,28,20,31,18,
,,,,,,
1639348708,52,28,20,31,18,
,,,,,,
1639348708,52,28,20,31,18,
,,,,,,
1639348709,51,29,19,31,19,
,,,,,,
1639348709,52,29,19,32,19,
,,,,,,
1639348709,52,29,19,32,19,
,,,,,,
1639348709,52,29,18,32,19,
,,,,,,
1639348709,53,28,20,32,19,
,,,,,,
1639348709,53,29,20,32,19,
,,,,,,
1639348709,52,29,18,32,19,
,,,,,,
1639348709,52,29,19,32,19,
,,,,,,
1639348710,53,29,19,32,19,
,,,,,,
1639348710,53,29,19,32,19,
,,,,,,
1639348710,52,29,19,32,19,
,,,,,,
1639348710,53,29,19,32,19,
,,,,,,
1639348710,52,28,18,31,18,
,,,,,,
1639348710,53,28,19,32,19,
,,,,,,
1639348710,53,29,18,32,19,
,,,,,,
1639348711,56,28,16,33,19,
,,,,,,
1639348711,54,27,16,32,18,
,,,,,,
1639348711,54,27,17,32,18,
,,,,,,
1639348711,54,27,15,32,18,
,,,,,,
1639348711,54,27,15,32,18,
,,,,,,
1639348711,54,27,15,32,18,
,,,,,,
1639348711,54,26,15,31,18,
,,,,,,
1639348711,55,27,15,32,18,
,,,,,,
1639348711,55,27,15,32,18,
,,,,,,
1639348712,55,26,15,32,18,
,,,,,,
1639348712,55,28,14,32,18,
,,,,,,
1639348712,55,27,14,32,18,
,,,,,,
1639348712,55,26,14,32,18,
,,,,,,
1639348712,55,26,15,32,18,
,,,,,,
1639348712,55,26,14,32,18,
,,,,,,
1639348712,56,26,14,32,18,
,,,,,,
1639348712,55,26,14,32,18,
,,,,,,
1639348712,55,26,14,32,18,
,,,,,,
1639348713,56,25,14,32,18,
,,,,,,
1639348713,55,26,15,32,18,
,,,,,,
1639348713,56,26,16,32,18,
,,,,,,
1639348713,55,25,16,31,18,
,,,,,,
1639348713,56,25,14,32,18,
,,,,,,
1639348713,56,24,15,31,17,
,,,,,,
1639348713,56,25,17,32,18,
,,,,,,
1639348714,56,25,17,32,18,
,,,,,,
1639348714,56,25,17,32,18,
,,,,,,
1639348714,55,25,18,31,18,
,,,,,,
1639348714,41,27,45,27,18,
,,,,,,
1639348714,35,31,46,26,19,
,,,,,,
1639348714,2,17,58,13,13,
,,,,,,
1639348714,2,8,65,6,6,
,,,,,,
1639348714,1,4,64,3,3,
,,,,,,
1639348714,1,3,63,2,2,
,,,,,,
1639348715,1,4,65,3,3,
,,,,,,
1639348715,2,6,63,5,5,
,,,,,,
1639348715,2,4,64,3,3,
,,,,,,
1639348715,3,7,65,5,5,
,,,,,,
1639348715,3,6,65,5,5,
,,,,,,
1639348715,5,4,63,4,4,
,,,,,,
1639348715,4,5,64,4,4,
,,,,,,
1639348715,3,4,65,3,3,
,,,,,,
1639348716,-3,7,63,5,5,
,,,,,,
1639348716,-2,3,56,2,2,
,,,,,,
1639348716,-1,4,52,3,3,
,,,,,,
1639348716,5,56,45,44,42,
,,,,,,
1639348716,-4,48,36,37,38,
,,,,,,
1639348716,-3,49,37,37,38,
,,,,,,
1639348716,1,47,34,37,37,
,,,,,,
1639348716,1,45,35,35,35,
,,,,,,
1639348717,5,44,37,34,33,
,,,,,,
1639348717,5,47,42,37,36,
,,,,,,
1639348717,4,47,41,37,36,
,,,,,,
1639348717,2,54,41,42,41,
,,,,,,
1639348717,2,53,31,41,40,
,,,,,,
1639348717,0,44,27,34,34,
,,,,,,
1639348717,-2,57,31,44,45,
,,,,,,
1639348717,-2,48,36,37,38,
,,,,,,
1639348717,2,57,34,45,44,
,,,,,,
1639348718,10,69,33,54,50,
,,,,,,
1639348718,10,52,28,41,38,
,,,,,,
1639348718,13,52,28,41,37,
,,,,,,
1639348718,4,50,33,39,38,
,,,,,,
1639348718,-4,55,33,42,43,
,,,,,,
1639348718,-2,55,34,42,43,
,,,,,,
1639348718,1,53,30,41,41,
,,,,,,
1639348719,2,54,31,42,41,
,,,,,,
1639348719,0,66,32,52,52,
,,,,,,
1639348719,-2,56,33,43,44,
,,,,,,
1639348719,-3,52,29,40,41,
,,,,,,
1639348719,-5,49,29,37,38,
,,,,,,
1639348719,-17,42,33,29,33,
,,,,,,
1639348719,-29,37,37,22,29,
,,,,,,
1639348719,-31,38,39,23,30,
,,,,,,
1639348720,-35,36,36,20,28,
,,,,,,
1639348720,-38,38,32,21,30,
,,,,,,
1639348720,-38,37,31,20,29,
,,,,,,
1639348720,-38,36,32,20,29,
,,,,,,
1639348720,-42,32,33,19,29,
,,,,,,
1639348720,-42,32,33,19,29,
,,,,,,
1639348720,-44,30,33,19,29,
,,,,,,
1639348720,-42,29,34,19,28,
,,,,,,
1639348720,-41,30,32,19,28,
,,,,,,
1639348721,-44,29,34,19,29,
,,,,,,
1639348721,-44,29,33,19,29,
,,,,,,
1639348721,-44,26,33,18,27,
,,,,,,
1639348721,-45,26,33,18,28,
,,,,,,
1639348721,-46,26,34,18,28,
,,,,,,
1639348721,-46,26,34,18,28,
,,,,,,
1639348721,-46,26,34,18,28,
,,,,,,
1639348722,-46,27,34,19,29,
,,,,,,
1639348722,-45,27,33,18,28,
,,,,,,
1639348722,-44,27,34,18,28,
,,,,,,
1639348722,-45,27,35,18,28,
,,,,,,
1639348722,-43,28,35,19,28,
,,,,,,
1639348722,-43,27,35,18,27,
,,,,,,
1639348722,-15,42,31,29,33,
,,,,,,
1639348722,-8,52,32,38,41,
,,,,,,
1639348723,18,55,29,43,37,
,,,,,,
1639348723,27,58,27,45,36,
,,,,,,
1639348723,37,45,23,35,25,
,,,,,,
1639348723,39,40,23,31,22,
,,,,,,
1639348723,40,41,23,32,22,
,,,,,,
1639348723,43,40,23,32,21,
,,,,,,
1639348723,45,37,21,32,21,
,,,,,,
1639348723,44,37,22,32,21,
,,,,,,
1639348723,45,38,22,32,21,
,,,,,,
1639348724,45,38,21,32,21,
,,,,,,
1639348724,44,37,22,32,21,
,,,,,,
1639348724,44,37,22,32,21,
,,,,,,
1639348724,44,38,22,32,21,
,,,,,,
1639348724,44,38,23,32,21,
,,,,,,
1639348724,44,38,22,32,21,
,,,,,,
1639348724,44,37,22,32,21,
,,,,,,
1639348724,44,38,23,32,21,
,,,,,,
1639348725,43,38,23,32,21,
,,,,,,
1639348725,42,39,24,32,22,
,,,,,,
1639348725,43,39,23,32,21,
,,,,,,
1639348725,42,40,24,32,22,
,,,,,,
1639348725,39,41,27,32,22,
,,,,,,
1639348725,38,41,27,32,23,
,,,,,,
1639348725,35,41,28,32,23,
,,,,,,
1639348725,34,42,30,33,24,
,,,,,,
1639348726,31,44,33,34,26,
,,,,,,
1639348726,31,43,31,34,26,
,,,,,,
1639348726,31,45,33,35,26,
,,,,,,
1639348726,27,44,33,34,27,
,,,,,,
1639348726,27,45,34,35,28,
,,,,,,
1639348726,21,47,32,37,31,
,,,,,,
1639348726,4,54,29,42,41,
,,,,,,
1639348726,2,54,29,42,41,
,,,,,,
1639348726,-2,55,29,42,43,
,,,,,,
1639348727,0,55,24,43,43,
,,,,,,
1639348727,1,56,24,44,44,
,,,,,,
1639348727,1,55,23,43,43,
,,,,,,
1639348727,1,53,25,41,41,
,,,,,,
1639348727,3,53,30,41,40,
,,,,,,
1639348727,-4,50,29,38,39,
,,,,,,
1639348727,2,52,32,41,40,
,,,,,,
1639348727,2,55,34,43,42,
,,,,,,
1639348728,-1,57,33,45,45,
,,,,,,
1639348728,-3,53,24,40,41,
,,,,,,
1639348728,-4,53,22,40,41,
,,,,,,
1639348728,-3,51,24,39,40,
,,,,,,
1639348728,-1,52,28,41,41,
,,,,,,
1639348728,0,54,28,42,42,
,,,,,,
1639348728,-1,56,29,44,44,
,,,,,,
1639348729,1,57,25,45,45,
,,,,,,
1639348729,1,58,23,45,45,
,,,,,,
1639348729,-1,54,18,42,42,
,,,,,,
1639348729,1,52,20,41,41,
,,,,,,
1639348729,6,58,22,45,43,
,,,,,,
1639348729,6,55,26,43,41,
,,,,,,
1639348729,7,52,25,41,39,
,,,,,,
1639348729,7,58,25,45,42,
,,,,,,
1639348729,7,49,31,38,36,
,,,,,,
1639348730,7,54,31,42,40,
,,,,,,
1639348730,7,49,30,38,36,
,,,,,,
1639348730,11,54,27,42,38,
,,,,,,
1639348730,16,58,25,45,40,
,,,,,,
1639348730,25,53,20,41,33,
,,,,,,
1639348730,29,44,18,34,26,
,,,,,,
1639348730,31,44,18,34,26,
,,,,,,
1639348730,42,42,15,33,22,
,,,,,,
1639348730,41,37,17,30,20,
,,,,,,
1639348731,46,34,17,31,20,
,,,,,,
1639348731,51,34,16,33,20,
,,,,,,
1639348731,49,31,17,31,19,
,,,,,,
1639348731,46,34,20,31,20,
,,,,,,
1639348731,46,31,18,30,19,
,,,,,,
1639348731,51,40,18,36,22,
,,,,,,
1639348731,45,38,16,32,21,
,,,,,,
1639348731,49,41,17,35,22,
,,,,,,
1639348732,47,35,16,32,20,
,,,,,,
1639348732,49,38,19,34,21,
,,,,,,
1639348732,48,39,20,34,21,
,,,,,,
1639348732,45,40,19,33,21,
,,,,,,
1639348732,45,41,19,34,22,
,,,,,,
1639348732,36,46,18,36,26,
,,,,,,
1639348732,27,52,22,41,32,
,,,,,,
1639348732,27,53,24,41,32,
,,,,,,
1639348732,17,55,22,43,37,
,,,,,,
1639348733,4,58,38,45,44,
,,,,,,
1639348733,-12,36,43,25,28,
,,,,,,
1639348733,-31,37,46,22,29,
,,,,,,
1639348733,-42,22,28,17,25,
,,,,,,
1639348733,-46,28,29,19,29,
,,,,,,
1639348733,-41,29,34,18,27,
,,,,,,
1639348733,-43,31,32,19,29,
,,,,,,
1639348733,-43,34,33,20,30,
,,,,,,
1639348734,-43,33,31,20,30,
,,,,,,
1639348734,-41,32,32,20,29,
,,,,,,
1639348734,-41,31,33,19,28,
,,,,,,
1639348734,-27,39,32,24,30,
,,,,,,
1639348734,-7,49,37,36,38,
,,,,,,
1639348734,-5,51,35,38,40,
,,,,,,
1639348734,4,54,35,42,41,
,,,,,,
1639348735,6,39,66,30,29,
,,,,,,
1639348735,-1,28,66,22,22,
,,,,,,
1639348735,6,-20,48,-16,-15,
,,,,,,
1639348735,-3,-9,66,-7,-7,
,,,,,,
1639348735,-1,-15,64,-12,-12,
,,,,,,
1639348735,5,-22,57,-17,-16,
,,,,,,
1639348735,6,-11,52,-9,-9,
,,,,,,
1639348735,5,-1,55,-2,-2,
,,,,,,
1639348735,0,71,29,55,55,
,,,,,,
1639348736,5,68,21,53,51,
,,,,,,
1639348736,5,63,17,49,47,
,,,,,,
1639348736,1,57,17,45,45,
,,,,,,
1639348736,2,62,17,48,47,
,,,,,,
1639348736,2,70,25,55,54,
,,,,,,
1639348736,6,14,55,11,11,
,,,,,,
1639348736,4,13,59,10,10,
,,,,,,
1639348736,-5,3,61,3,3,
,,,,,,
1639348737,1,10,65,8,8,
,,,,,,
1639348737,11,-3,76,-5,-5,
,,,,,,
1639348737,-4,3,64,3,3,
,,,,,,
1639348737,5,-10,63,-8,-8,
,,,,,,
1639348737,6,-4,66,-4,-4,
,,,,,,
1639348737,-1,-2,64,-2,-2,
,,,,,,
1639348737,0,-1,66,-1,-1,
,,,,,,
1639348738,-9,1,65,4,4,
,,,,,,
1639348738,-16,-5,54,-7,-8,
,,,,,,
1639348738,-12,-7,60,-6,-7,
,,,,,,
1639348738,-13,-3,47,-5,-6,
,,,,,,
1639348738,11,-9,76,-8,-7,
,,,,,,
1639348738,2,-6,60,-5,-5,
,,,,,,
1639348738,3,1,66,2,2,
,,,,,,
1639348738,-11,4,57,6,6,
,,,,,,
1639348739,5,14,67,11,11,
,,,,,,
1639348739,7,-10,82,-8,-8,
,,,,,,
1639348739,-3,13,68,10,10,
,,,,,,
1639348739,1,-8,69,-6,-6,
,,,,,,
1639348739,6,0,80,2,2,
,,,,,,
1639348739,-2,-3,62,-2,-2,
,,,,,,
1639348739,-8,-4,59,-5,-5,
,,,,,,
1639348739,-11,7,58,6,7,
,,,,,,
1639348739,0,11,63,9,9,
,,,,,,
1639348740,-12,8,57,7,8,
,,,,,,
1639348740,4,4,55,3,3,
,,,,,,
1639348740,4,16,51,12,12,
,,,,,,
1639348740,0,56,41,44,44,
,,,,,,
1639348740,5,50,36,39,37,
,,,,,,
1639348740,3,59,16,46,45,
,,,,,,
1639348740,2,64,12,50,49,
,,,,,,
1639348740,1,60,4,47,47,
,,,,,,
1639348741,-3,61,4,47,48,
,,,,,,
1639348741,-3,59,5,45,46,
,,,,,,
1639348741,-4,63,3,47,49,
,,,,,,
1639348741,-2,57,0,44,45,
,,,,,,
1639348741,-1,58,2,45,45,
,,,,,,
1639348741,-4,61,4,46,48,
,,,,,,
1639348741,-4,62,4,46,48,
,,,,,,
1639348741,-5,45,1,34,35,
,,,,,,
1639348741,-4,60,-7,45,47,
,,,,,,
1639348741,-3,56,-7,43,44,
,,,,,,
1639348742,-2,60,-6,46,47,
,,,,,,
1639348742,4,60,-5,47,45,
,,,,,,
1639348742,25,45,-3,35,28,
,,,,,,
1639348742,50,34,-7,33,20,
,,,,,,
1639348742,60,-15,4,-29,-15,
,,,,,,
1639348742,59,-18,6,-30,-16,
,,,,,,
1639348742,56,-31,13,-34,-19,
,,,,,,
1639348743,49,-41,10,-35,-22,
,,,,,,
1639348743,47,-41,12,-34,-22,
,,,,,,
1639348743,45,-41,13,-34,-22,
,,,,,,
1639348743,46,-41,14,-34,-22,
,,,,,,
1639348743,41,-39,18,-31,-21,
,,,,,,
1639348743,38,-49,22,-38,-27,
,,,,,,
1639348743,30,-46,20,-36,-28,
,,,,,,
1639348743,30,-51,24,-40,-31,
,,,,,,
1639348744,31,-45,25,-35,-26,
,,,,,,
1639348744,36,-44,24,-34,-24,
,,,,,,
1639348744,39,-55,24,-43,-30,
,,,,,,
1639348744,46,-41,17,-34,-22,
,,,,,,
1639348744,43,-39,16,-32,-21,
,,,,,,
1639348744,47,-33,14,-31,-20,
,,,,,,
1639348744,71,-4,21,-29,-13,
,,,,,,
1639348744,58,2,19,23,13,
,,,,,,
1639348744,52,26,22,30,18,
,,,,,,
1639348745,31,45,29,35,26,
,,,,,,
1639348745,19,48,32,38,32,
,,,,,,
1639348745,-3,49,39,37,38,
,,,,,,
1639348745,-13,36,56,25,28,
,,,,,,
1639348745,-12,18,53,13,14,
,,,,,,
1639348745,-19,9,56,9,11,
,,,,,,
1639348745,-16,3,59,6,7,
,,,,,,
1639348745,-26,-4,61,-10,-12,
,,,,,,
1639348746,-20,-4,56,-8,-9,
,,,,,,
1639348746,-14,-5,53,-6,-7,
,,,,,,
1639348746,-23,2,65,8,10,
,,,,,,
1639348746,-5,6,45,5,5,
,,,,,,
1639348746,8,30,37,23,22,
,,,,,,
1639348746,10,80,52,62,57,
,,,,,,
1639348746,12,75,49,59,53,
,,,,,,
1639348746,6,43,46,34,32,
,,,,,,
1639348747,29,-17,24,-18,-14,
,,,,,,
1639348747,1,-8,52,-6,-6,
,,,,,,
1639348747,4,-12,60,-9,-9,
,,,,,,
1639348747,24,-27,52,-21,-17,
,,,,,,
1639348747,3,-16,66,-12,-12,
,,,,,,
1639348747,3,-8,65,-6,-6,
,,,,,,
1639348747,15,-33,34,-26,-23,
,,,,,,
1639348747,1,-23,18,-18,-18,
,,,,,,
1639348747,29,77,50,60,46,
,,,,,,
1639348748,-10,22,82,16,17,
,,,,,,
1639348748,16,5,49,8,7,
,,,,,,
1639348748,-28,-19,62,-14,-18,
,,,,,,
1639348748,-20,-7,68,-9,-11,
,,,,,,
1639348748,-14,-7,63,-7,-8,
,,,,,,
1639348748,3,13,62,10,10,
,,,,,,
1639348748,-5,-11,63,-9,-9,
,,,,,,
1639348748,-13,13,74,9,10,
,,,,,,
1639348749,-9,-5,61,-5,-5,
,,,,,,
1639348749,-6,-4,63,-4,-4,
,,,,,,
1639348749,-3,-3,67,-2,-2,
,,,,,,
1639348749,-1,-2,66,-2,-2,
,,,,,,
1639348749,3,-1,66,-2,-2,
,,,,,,
1639348749,3,-4,63,-3,-3,
,,,,,,
1639348749,3,-3,64,-2,-2,
,,,,,,
1639348750,2,-3,65,-2,-2,
,,,,,,
1639348750,2,-3,64,-2,-2,
,,,,,,
1639348750,2,-3,64,-2,-2,
,,,,,,
1639348750,2,-3,61,-2,-2,
,,,,,,
1639348750,1,-1,62,-1,-1,
,,,,,,
1639348750,28,-2,48,-12,-9,
,,,,,,
1639348750,43,25,26,27,18,
,,,,,,
1639348750,49,39,21,34,21,
,,,,,,
1639348750,62,27,-5,35,18,
,,,,,,
1639348751,61,16,-17,30,16,
,,,,,,
1639348751,62,14,-17,30,16,
,,,,,,
1639348751,61,17,-14,30,16,
,,,,,,
1639348751,69,24,20,36,17,
,,,,,,
1639348751,55,26,30,32,18,
,,,,,,
1639348751,26,-3,52,-11,-9,
,,,,,,
1639348751,11,9,63,8,7,
,,,,,,
1639348751,5,4,62,4,4,
,,,,,,
1639348752,-1,8,57,6,6,
,,,,,,
1639348752,17,6,60,9,8,
,,,,,,
1639348752,16,7,59,9,8,
,,,,,,
1639348752,21,15,69,14,12,
,,,,,,
1639348752,12,-5,49,-7,-6,
,,,,,,
1639348752,13,1,53,5,4,
,,,,,,
1639348752,1,2,68,2,2,
,,,,,,
1639348753,24,-2,56,-10,-8,
,,,,,,
1639348753,22,-2,53,-9,-7,
,,,,,,
1639348753,15,5,68,8,7,
,,,,,,
1639348753,3,-4,58,-3,-3,
,,,,,,
1639348753,0,-4,59,-3,-3,
,,,,,,
1639348753,14,-8,60,-9,-8,
,,,,,,
1639348753,9,-5,74,-5,-5,
,,,,,,
1639348753,12,-15,62,-12,-11,
,,,,,,
1639348753,15,6,63,8,7,
,,,,,,
1639348754,22,-8,57,-12,-10,
,,,,,,
1639348754,12,3,62,6,5,
,,,,,,
1639348754,9,-5,58,-5,-5,
,,,,,,
1639348754,5,-2,63,-3,-3,
,,,,,,
1639348754,3,-5,68,-4,-4,
,,,,,,
1639348754,6,-3,65,-4,-4,
,,,,,,
1639348754,7,-4,62,-4,-4,
,,,,,,
1639348754,6,-5,65,-4,-4,
,,,,,,
1639348755,11,-3,66,-5,-5,
,,,,,,
1639348755,1,4,71,3,3,
,,,,,,
1639348755,16,-10,65,-10,-9,
,,,,,,
1639348755,4,0,59,2,2,
,,,,,,
1639348755,-6,25,53,19,20,
,,,,,,
1639348755,6,14,77,11,11,
,,,,,,
1639348755,-13,-30,49,-21,-23,
,,,,,,
1639348755,-11,-43,35,-31,-34,
,,,,,,
1639348756,2,-78,15,-61,-60,
,,,,,,
1639348756,-4,-62,14,-46,-48,
,,,,,,
1639348756,-10,-48,11,-35,-38,
,,,,,,
1639348756,-16,-64,-10,-44,-50,
,,,,,,
1639348756,-14,-57,11,-40,-45,
,,,,,,
1639348756,-13,-65,13,-46,-51,
,,,,,,
1639348756,-7,-57,-1,-42,-45,
,,,,,,
1639348756,-12,-70,5,-50,-55,
,,,,,,
1639348756,-11,-77,5,-55,-60,
,,,,,,
1639348757,-16,-57,9,-40,-45,
,,,,,,
1639348757,-19,-56,0,-37,-44,
,,,,,,
1639348757,-18,-63,-13,-42,-49,
,,,,,,
1639348757,-18,-60,-13,-40,-47,
,,,,,,
1639348757,-17,-60,-10,-41,-47,
,,,,,,
1639348757,-13,-64,10,-45,-50,
,,,,,,
1639348757,-10,-58,21,-42,-45,
,,,,,,
1639348758,-9,-65,9,-47,-51,
,,,,,,
1639348758,-11,-57,20,-41,-45,
,,,,,,
1639348758,-9,-59,22,-43,-46,
,,,,,,
1639348758,-7,-56,23,-42,-44,
,,,,,,
1639348758,0,-61,21,-48,-48,
,,,,,,
1639348758,1,-63,19,-49,-49,
,,,,,,
1639348758,-1,-63,24,-49,-49,
,,,,,,
1639348759,-2,-59,17,-45,-46,
,,,,,,
1639348759,1,-65,16,-51,-51,
,,,,,,
1639348759,-3,-66,13,-51,-52,
,,,,,,
1639348759,-16,-55,3,-38,-43,
,,,,,,
1639348759,-17,-56,10,-38,-44,
,,,,,,
1639348759,-20,-55,14,-36,-43,
,,,,,,
1639348759,-25,-58,19,-36,-45,
,,,,,,
1639348759,-21,-70,30,-46,-55,
,,,,,,
1639348759,-20,-58,15,-38,-45,
,,,,,,
1639348760,-19,-57,13,-38,-45,
,,,,,,
1639348760,-21,-54,17,-35,-42,
,,,,,,
1639348760,-21,-59,19,-38,-46,
,,,,,,
1639348760,-20,-58,16,-38,-45,
,,,,,,
1639348760,-17,-58,18,-39,-45,
,,,,,,
1639348760,-18,-57,15,-39,-45,
,,,,,,
1639348760,-16,-61,17,-42,-48,
,,,,,,
1639348760,-15,-62,17,-42,-48,
,,,,,,
1639348761,-15,-58,18,-40,-45,
,,,,,,
1639348761,-15,-58,21,-40,-45,
,,,,,,
1639348761,-14,-60,18,-42,-47,
,,,,,,
1639348761,-14,-60,20,-42,-47,
,,,,,,
1639348761,-15,-58,22,-40,-45,
,,,,,,
1639348761,-14,-60,21,-42,-47,
,,,,,,
1639348761,-15,-58,22,-40,-45,
,,,,,,
1639348762,-15,-58,20,-40,-45,
,,,,,,
1639348762,-15,-58,20,-40,-45,
,,,,,,
1639348762,-14,-59,22,-41,-46,
,,,,,,
1639348762,-14,-58,21,-40,-45,
,,,,,,
1639348762,-13,-60,19,-42,-47,
,,,,,,
1639348762,-14,-58,22,-40,-45,
,,,,,,
1639348762,-14,-58,22,-40,-45,
,,,,,,
1639348762,-14,-58,22,-40,-45,
,,,,,,
1639348762,-13,-58,22,-40,-45,
,,,,,,
1639348763,-14,-57,22,-40,-45,
,,,,,,
1639348763,-14,-57,22,-40,-45,
,,,,,,
1639348763,-13,-57,24,-40,-45,
,,,,,,
1639348763,-13,-58,23,-40,-45,
,,,,,,
1639348763,-13,-58,24,-40,-45,
,,,,,,
1639348763,-13,-57,23,-40,-45,
,,,,,,
1639348763,-14,-55,20,-38,-43,
,,,,,,
1639348763,-13,-58,22,-40,-45,
,,,,,,
1639348764,-11,-59,21,-42,-46,
,,,,,,
1639348764,-11,-59,22,-42,-46,
,,,,,,
1639348764,-11,-58,21,-41,-45,
,,,,,,
1639348764,-11,-56,24,-40,-44,
,,,,,,
1639348764,-8,-60,25,-44,-47,
,,,,,,
1639348764,-10,-57,21,-42,-45,
,,,,,,
1639348764,-15,-58,28,-40,-45,
,,,,,,
1639348764,-14,-59,23,-41,-46,
,,,,,,
1639348765,-12,-58,27,-41,-45,
,,,,,,
1639348765,-9,-58,28,-42,-45,
,,,,,,
1639348765,-10,-58,31,-42,-45,
,,,,,,
1639348765,-9,-58,28,-42,-45,
,,,,,,
1639348765,-9,-58,26,-42,-45,
,,,,,,
1639348765,-8,-60,22,-44,-47,
,,,,,,
1639348765,4,-73,25,-57,-55,
,,,,,,
1639348765,-4,-41,23,-31,-32,
,,,,,,
1639348765,3,-66,18,-52,-51,
,,,,,,
1639348766,-1,-60,26,-47,-47,
,,,,,,
1639348766,-2,-60,28,-46,-47,
,,,,,,
1639348766,-3,-53,33,-40,-41,
,,,,,,
1639348766,7,-60,20,-47,-44,
,,,,,,
1639348766,5,-58,18,-45,-43,
,,,,,,
1639348766,-2,-56,33,-43,-44,
,,,,,,
1639348766,-2,-54,31,-41,-42,
,,,,,,
1639348766,-2,-53,31,-40,-41,
,,,,,,
1639348767,-2,-51,35,-39,-40,
,,,,,,
1639348767,4,-56,19,-44,-43,
,,,,,,
1639348767,4,-53,18,-41,-40,
,,,,,,
1639348767,7,-70,5,-55,-52,
,,,,,,
1639348767,14,-68,13,-53,-47,
,,,,,,
1639348767,13,-67,12,-52,-47,
,,,,,,
1639348767,11,-61,10,-48,-44,
,,,,,,
1639348768,10,-60,17,-47,-43,
,,,,,,
1639348768,11,-63,18,-49,-45,
,,,,,,
1639348768,11,-61,14,-48,-44,
,,,,,,
1639348768,10,-59,18,-46,-42,
,,,,,,
1639348768,11,-63,17,-49,-45,
,,,,,,
1639348768,11,-62,18,-48,-44,
,,,,,,
1639348768,8,-59,23,-46,-43,
,,,,,,
1639348768,9,-62,22,-48,-45,
,,,,,,
1639348768,10,-63,20,-49,-45,
,,,,,,
1639348769,10,-59,25,-46,-42,
,,,,,,
1639348769,9,-59,25,-46,-43,
,,,,,,
1639348769,6,-54,28,-42,-40,
,,,,,,
1639348769,8,-55,29,-43,-40,
,,,,,,
1639348769,9,-58,28,-45,-42,
,,,,,,
1639348769,9,-59,28,-46,-43,
,,,,,,
1639348769,9,-57,28,-45,-42,
,,,,,,
1639348769,8,-55,28,-43,-40,
,,,,,,
1639348770,9,-56,28,-44,-41,
,,,,,,
1639348770,9,-57,29,-45,-42,
,,,,,,
1639348770,10,-57,30,-45,-42,
,,,,,,
1639348770,9,-56,30,-44,-41,
,,,,,,
1639348770,10,-49,36,-38,-35,
,,,,,,
1639348770,12,-53,37,-41,-37,
,,,,,,
1639348770,12,-53,36,-41,-37,
,,,,,,
1639348771,21,-16,65,-14,-12,
,,,,,,
1639348771,21,-16,65,-14,-12,
,,,,,,
1639348771,14,-5,58,-7,-6,
,,,,,,
1639348771,9,14,63,11,10,
,,,,,,
1639348771,9,15,64,12,11,
,,,,,,
1639348771,7,8,65,6,6,
,,,,,,
1639348771,7,6,65,5,5,
,,,,,,
1639348771,7,5,65,5,5,
,,,,,,
1639348771,5,5,65,4,4,
,,,,,,
1639348771,5,4,64,4,4,
,,,,,,
1639348772,4,-4,62,-3,-3,
,,,,,,
1639348772,4,-1,64,-2,-2,
,,,,,,
1639348772,5,-3,65,-3,-3,
,,,,,,
1639348772,-1,-11,60,-9,-9,
,,,,,,
1639348772,2,-62,24,-48,-47,
,,,,,,
1639348772,2,-61,23,-48,-47,
,,,,,,
1639348772,-1,-62,13,-48,-48,
,,,,,,
1639348773,1,-60,8,-47,-47,
,,,,,,
1639348773,0,-60,9,-47,-47,
,,,,,,
1639348773,-1,-67,2,-52,-52,
,,,,,,
1639348773,-1,-63,1,-49,-49,
,,,,,,
1639348773,-2,-62,3,-47,-48,
,,,,,,
1639348773,-2,-65,2,-50,-51,
,,,,,,
1639348773,-1,-64,3,-50,-50,
,,,,,,
1639348773,-2,-62,3,-47,-48,
,,,,,,
1639348774,-2,-63,3,-48,-49,
,,,,,,
1639348774,-2,-66,5,-51,-52,
,,,,,,
1639348774,-2,-64,5,-49,-50,
,,,,,,
1639348774,-2,-65,5,-50,-51,
,,,,,,
1639348774,-4,-63,4,-47,-49,
,,,,,,
1639348774,-4,-64,5,-48,-50,
,,,,,,
1639348774,-3,-64,5,-49,-50,
,,,,,,
1639348774,-2,-64,6,-49,-50,
,,,,,,
1639348774,-2,-63,4,-48,-49,
,,,,,,
1639348775,-3,-63,6,-48,-49,
,,,,,,
1639348775,-4,-63,5,-47,-49,
,,,,,,
1639348775,-4,-64,4,-48,-50,
,,,,,,
1639348775,-5,-60,9,-45,-47,
,,,,,,
1639348775,-2,-68,7,-52,-53,
,,,,,,
1639348775,-3,-66,6,-51,-52,
,,,,,,
1639348775,-3,-62,5,-47,-48,
,,,,,,
1639348776,-2,-61,8,-47,-48,
,,,,,,
1639348776,-3,-59,7,-45,-46,
,,,,,,
1639348776,-2,-64,8,-49,-50,
,,,,,,
1639348776,-2,-64,6,-49,-50,
,,,,,,
1639348776,-3,-65,6,-50,-51,
,,,,,,
1639348776,-2,-63,3,-48,-49,
,,,,,,
1639348776,-4,-63,6,-47,-49,
,,,,,,
1639348776,-4,-63,5,-47,-49,
,,,,,,
1639348777,-4,-63,5,-47,-49,
,,,,,,
1639348777,-4,-63,4,-47,-49,
,,,,,,
1639348777,-4,-62,4,-46,-48,
,,,,,,
1639348777,-4,-65,4,-49,-51,
,,,,,,
1639348777,-3,-63,4,-48,-49,
,,,,,,
1639348777,-2,-65,5,-50,-51,
,,,,,,
1639348777,-2,-70,14,-54,-55,
,,,,,,
1639348777,-2,-57,20,-44,-45,
,,,,,,
1639348777,6,-38,44,-30,-29,
,,,,,,
1639348778,4,4,66,3,3,
,,,,,,
1639348778,1,9,63,7,7,
,,,,,,
1639348778,-29,53,27,32,41,
,,,,,,
1639348778,-24,55,36,35,43,
,,,,,,
1639348778,-17,67,33,45,52,
,,,,,,
1639348778,-5,45,32,34,35,
,,,,,,
1639348778,2,43,40,34,33,
,,,,,,
1639348778,2,50,38,39,38,
,,,,,,
1639348779,1,49,40,38,38,
,,,,,,
1639348779,-1,49,38,38,38,
,,,,,,
1639348779,-12,59,35,42,46,
,,,,,,
1639348779,-25,44,35,27,34,
,,,,,,
1639348779,-32,44,35,26,34,
,,,,,,
1639348779,-37,43,29,24,34,
,,,,,,
1639348779,-38,29,30,18,26,
,,,,,,
1639348780,-49,33,21,20,32,
,,,,,,
1639348780,-48,33,23,20,32,
,,,,,,
1639348780,-50,28,19,18,30,
,,,,,,
1639348780,-49,36,20,20,33,
,,,,,,
1639348780,-48,35,20,20,32,
,,,,,,
1639348780,-50,33,17,20,32,
,,,,,,
1639348780,-51,33,16,20,33,
,,,,,,
1639348780,-51,32,16,19,32,
,,,,,,
1639348780,-51,32,15,19,32,
,,,,,,
1639348781,-51,32,15,19,32,
,,,,,,
1639348781,-50,32,16,20,32,
,,,,,,
1639348781,-51,32,16,19,32,
,,,,,,
1639348781,-52,30,15,19,32,
,,,,,,
1639348781,-52,31,16,19,32,
,,,,,,
1639348781,-56,29,9,19,33,
,,,,,,
1639348781,-59,21,-1,17,31,
,,,,,,
1639348781,-58,19,2,16,30,
,,,,,,
1639348782,-61,19,-1,16,31,
,,,,,,
1639348782,-59,13,3,15,28,
,,,,,,
1639348782,-62,12,-6,15,29,
,,,,,,
1639348782,-63,13,-1,15,30,
,,,,,,
1639348782,-63,13,1,15,30,
,,,,,,
1639348782,-62,12,-1,15,29,
,,,,,,
1639348782,-62,12,-3,15,29,
,,,,,,
1639348782,-62,12,-1,15,29,
,,,,,,
1639348783,-62,13,-1,15,29,
,,,,,,
1639348783,-62,14,1,16,30,
,,,,,,
1639348783,-61,12,1,15,29,
,,,,,,
1639348783,-61,10,0,15,28,
,,,,,,
1639348783,-62,12,0,15,29,
,,,,,,
1639348783,-63,11,-2,15,29,
,,,,,,
1639348783,-60,12,-1,15,28,
,,,,,,
1639348783,-64,15,0,16,31,
,,,,,,
1639348783,-63,15,0,15,30,
,,,,,,
1639348784,-61,12,-1,15,29,
,,,,,,
1639348784,-62,13,-3,15,29,
,,,,,,
1639348784,-57,14,0,16,28,
,,,,,,
1639348784,-61,10,-5,15,28,
,,,,,,
1639348784,-68,18,-1,16,34,
,,,,,,
1639348784,-66,16,-2,15,32,
,,,,,,
1639348784,-60,9,-4,14,27,
,,,,,,
1639348785,-63,16,2,16,31,
,,,,,,
1639348785,-60,15,3,15,29,
,,,,,,
1639348785,-62,13,-1,15,29,
,,,,,,
1639348785,-57,12,8,15,27,
,,,,,,
1639348785,-62,13,10,15,29,
,,,,,,
1639348785,-60,14,-7,15,29,
,,,,,,
1639348785,-63,15,-3,15,30,
,,,,,,
1639348785,-54,11,2,14,25,
,,,,,,
1639348786,-63,13,6,15,30,
,,,,,,
1639348786,-61,11,4,15,28,
,,,,,,
1639348786,-62,10,2,14,28,
,,,,,,
1639348786,-64,15,0,16,31,
,,,,,,
1639348786,-63,17,0,16,31,
,,,,,,
1639348786,-56,16,5,16,28,
,,,,,,
1639348786,-64,13,0,15,30,
,,,,,,
1639348786,-66,10,-1,14,30,
,,,,,,
1639348786,-61,11,2,15,28,
,,,,,,
1639348787,-63,12,0,15,29,
,,,,,,
1639348787,-64,7,-2,14,28,
,,,,,,
1639348787,-66,4,-7,13,27,
,,,,,,
1639348787,-63,3,-8,13,26,
,,,,,,
1639348787,-62,7,-4,14,27,
,,,,,,
1639348787,-64,9,-3,14,29,
,,,,,,
1639348787,-62,9,-4,14,28,
,,,,,,
1639348787,-62,5,-5,13,26,
,,,,,,
1639348788,-64,5,-4,14,27,
,,,,,,
1639348788,-63,6,-2,14,27,
,,,,,,
1639348788,-63,4,-5,13,26,
,,,,,,
1639348788,-65,5,-5,13,27,
,,,,,,
1639348788,-63,4,-5,13,26,
,,,,,,
1639348788,-63,4,-4,13,26,
,,,,,,
1639348788,-64,7,-1,14,28,
,,,,,,
1639348788,-64,5,-3,14,27,
,,,,,,
1639348789,-62,7,2,14,27,
,,,,,,
1639348789,-65,11,5,15,30,
,,,,,,
1639348789,-34,28,4,18,24,
,,,,,,
1639348789,7,41,53,32,30,
,,,,,,
1639348789,15,33,57,26,23,
,,,,,,
1639348789,11,10,44,8,7,
,,,,,,
1639348789,26,47,33,37,29,
,,,,,,
1639348789,6,47,22,37,35,
,,,,,,
1639348790,20,52,35,41,35,
,,,,,,
1639348790,21,49,32,38,32,
,,,,,,
1639348790,16,50,30,39,34,
,,,,,,
1639348790,12,54,23,42,38,
,,,,,,
1639348790,12,53,23,41,37,
,,,,,,
1639348790,12,52,14,41,37,
,,,,,,
1639348790,12,58,15,45,41,
,,,,,,
1639348790,12,57,15,45,41,
,,,,,,
1639348790,8,60,12,47,44,
,,,,,,
1639348791,11,59,13,46,42,
,,,,,,
1639348791,9,58,13,45,42,
,,,,,,
1639348791,7,59,11,46,43,
,,,,,,
1639348791,8,58,11,45,42,
,,,,,,
1639348791,7,59,11,46,43,
,,,,,,
1639348791,7,58,11,45,42,
,,,,,,
1639348791,6,59,8,46,44,
,,,,,,
1639348792,4,60,8,47,45,
,,,,,,
1639348792,4,59,7,46,44,
,,,,,,
1639348792,3,59,6,46,45,
,,,,,,
1639348792,2,60,5,47,46,
,,,,,,
1639348792,3,65,8,51,50,
,,,,,,
1639348792,2,57,5,45,44,
,,,,,,
1639348792,1,59,6,46,46,
,,,,,,
1639348792,3,59,9,46,45,
,,,,,,
1639348792,1,60,7,47,47,
,,,,,,
1639348792,0,59,7,46,46,
,,,,,,
1639348793,1,59,7,46,46,
,,,,,,
1639348793,-2,60,6,46,47,
,,,,,,
1639348793,-2,62,6,47,48,
,,,,,,
1639348793,-4,60,6,45,47,
,,,,,,
1639348793,-3,58,7,44,45,
,,,,,,
1639348793,-4,61,7,46,48,
,,,,,,
1639348793,3,59,14,46,45,
,,,,,,
1639348794,-5,53,8,39,41,
,,,,,,
1639348794,4,63,15,49,47,
,,,,,,
1639348794,2,57,14,45,44,
,,,,,,
1639348794,-1,61,15,48,48,
,,,,,,
1639348794,-4,57,15,44,45,
,,,,,,
1639348794,-3,60,19,46,47,
,,,,,,
1639348794,-9,56,18,41,44,
,,,,,,
1639348795,-2,54,16,41,42,
,,,,,,
1639348795,-6,53,13,39,41,
,,,,,,
1639348795,-6,65,20,49,51,
,,,,,,
1639348795,0,56,18,44,44,
,,,,,,
1639348795,-4,55,13,42,43,
,,,,,,
1639348795,-1,62,17,48,48,
,,,,,,
1639348795,0,56,16,44,44,
,,,,,,
1639348795,1,57,18,45,45,
,,,,,,
1639348795,-1,57,15,45,45,
,,,,,,
1639348796,-9,56,18,41,44,
,,,,,,
1639348796,-10,56,19,41,44,
,,,,,,
1639348796,-7,60,15,44,47,
,,,,,,
1639348796,-7,53,13,39,41,
,,,,,,
1639348796,-3,54,18,41,42,
,,,,,,
1639348796,-4,55,12,42,43,
,,,,,,
1639348796,-4,64,17,48,50,
,,,,,,
1639348796,-10,61,14,44,48,
,,,,,,
1639348797,-3,56,13,43,44,
,,,,,,
1639348797,7,62,16,48,45,
,,,,,,
1639348797,14,61,22,48,43,
,,,,,,
1639348797,1,59,18,46,46,
,,,,,,
1639348797,8,55,18,43,40,
,,,,,,
1639348797,4,45,19,35,34,
,,,,,,
1639348797,0,68,28,53,53,
,,,,,,
1639348798,5,55,29,43,41,
,,,,,,
1639348798,0,56,25,44,44,
,,,,,,
1639348798,-4,52,22,40,41,
,,,,,,
1639348798,-2,56,24,43,44,
,,,,,,
1639348798,-2,63,25,48,49,
,,,,,,
1639348798,3,50,29,39,38,
,,,,,,
1639348798,-1,58,23,45,45,
,,,,,,
1639348798,-2,58,24,44,45,
,,,,,,
1639348798,-5,50,24,37,39,
,,,,,,
1639348799,-2,58,25,44,45,
,,,,,,
1639348799,-3,55,25,42,43,
,,,,,,
1639348799,-7,55,23,41,43,
,,,,,,
1639348799,0,55,27,43,43,
,,,,,,
1639348799,-2,54,26,41,42,
,,,,,,
1639348799,-3,55,24,42,43,
,,,,,,
1639348799,-1,56,24,44,44,
,,,,,,
1639348799,2,55,24,43,42,
,,,,,,
1639348800,35,47,30,37,27,
,,,,,,
1639348800,35,45,27,35,25,
,,,,,,
1639348800,37,41,15,32,23,
,,,,,,
1639348800,43,37,13,31,21,
,,,,,,
1639348800,51,42,12,36,22,
,,,,,,
1639348800,45,49,10,38,25,
,,,,,,
1639348800,47,42,2,35,22,
,,,,,,
1639348800,48,42,3,35,22,
,,,,,,
1639348801,54,39,3,36,21,
,,,,,,
1639348801,50,40,1,35,21,
,,,,,,
1639348801,53,39,1,36,21,
,,,,,,
1639348801,52,34,2,34,20,
,,,,,,
1639348801,52,36,1,34,20,
,,,,,,
1639348801,49,39,1,34,21,
,,,,,,
1639348801,53,36,1,35,20,
,,,,,,
1639348801,52,37,1,35,21,
,,,,,,
1639348801,49,37,0,34,21,
,,,,,,
1639348802,50,39,0,35,21,
,,,,,,
1639348802,51,39,1,35,21,
,,,,,,
1639348802,47,39,4,34,22,
,,,,,,
1639348802,46,40,2,34,22,
,,,,,,
1639348802,49,43,4,36,22,
,,,,,,
1639348802,46,41,6,34,22,
,,,,,,
1639348802,40,49,13,38,26,
,,,,,,
1639348802,36,44,10,34,24,
,,,,,,
1639348803,30,51,14,40,31,
,,,,,,
1639348803,28,62,19,48,38,
,,,,,,
1639348803,17,61,22,48,42,
,,,,,,
1639348803,-10,77,-4,55,60,
,,,,,,
1639348803,19,38,-128,30,26,
,,,,,,
1639348803,127,127,24,99,1,
,,,,,,
1639348803,13,-128,-125,-100,-90,
,,,,,,
1639348804,-12,42,-4,30,33,
,,,,,,
1639348804,79,-128,-44,-100,-38,
,,,,,,
1639348804,-20,30,1,19,23,
,,,,,,
1639348804,52,127,82,99,59,
,,,,,,
1639348804,-7,58,-45,42,45,
,,,,,,
1639348804,13,127,-69,99,89,
,,,,,,
1639348804,35,27,-24,24,17,
,,,,,,
1639348804,62,127,-26,99,51,
,,,,,,
1639348804,50,-104,32,-81,-50,
,,,,,,
1639348805,-1,-16,-68,-12,-12,
,,,,,,
1639348805,69,127,127,99,46,
,,,,,,
1639348805,30,127,62,99,76,
,,,,,,
1639348805,1,1,-128,1,1,
,,,,,,
1639348805,9,127,0,99,92,
,,,,,,
1639348805,12,49,-98,38,34,
,,,,,,
1639348805,116,-97,9,-83,-8,
,,,,,,
1639348806,5,127,48,99,95,
,,,,,,
1639348806,-16,44,-74,30,34,
,,,,,,
1639348806,-11,127,-21,91,99,
,,,,,,
1639348806,10,-120,-103,-94,-87,
,,,,,,
1639348806,65,127,-5,99,49,
,,,,,,
1639348806,6,48,-51,38,36,
,,,,,,
1639348806,31,127,-28,99,75,
,,,,,,
1639348806,86,127,53,99,32,
,,,,,,
1639348807,41,-128,-57,-100,-68,
,,,,,,
1639348807,21,110,18,86,72,
,,,,,,
1639348807,56,-128,-55,-100,-56,
,,,,,,
1639348807,50,19,-95,27,16,
,,,,,,
1639348807,20,-66,-64,-52,-44,
,,,,,,
1639348807,71,-128,-49,-100,-44,
,,,,,,
1639348807,-59,127,-46,53,99,
,,,,,,
1639348807,61,-105,-4,-82,-43,
,,,,,,
1639348807,38,-128,-36,-100,-71,
,,,,,,
1639348808,-51,127,-25,59,99,
,,,,,,
1639348808,11,-23,-74,-18,-16,
,,,,,,
1639348808,56,-128,-75,-100,-56,
,,,,,,
1639348808,27,127,58,99,78,
,,,,,,
1639348808,37,-34,-39,-28,-20,
,,,,,,
1639348808,0,-128,-121,-100,-100,
,,,,,,
1639348808,30,127,-60,99,76,
,,,,,,
1639348809,80,-128,-67,-100,-38,
,,,,,,
1639348809,25,-66,-64,-52,-42,
,,,,,,
1639348809,-14,127,33,88,99,
,,,,,,
1639348809,101,-118,15,-92,-19,
,,,,,,
1639348809,-8,-57,7,-42,-45,
,,,,,,
1639348809,-66,70,1,27,55,
,,,,,,
1639348809,92,-128,-70,-100,-28,
,,,,,,
1639348809,76,-100,-47,-78,-32,
,,,,,,
1639348810,-128,127,9,0,100,
,,,,,,
1639348810,127,-75,123,-79,0,
,,,,,,
1639348810,110,49,53,62,9,
,,,,,,
1639348810,-128,122,-81,0,98,
,,,,,,
1639348810,107,18,38,49,8,
,,,,,,
1639348810,50,4,27,21,13,
,,,,,,
1639348810,-51,115,-10,54,90,
,,,,,,
1639348810,5,62,8,48,46,
,,,,,,
1639348810,18,47,13,37,32,
,,,,,,
1639348811,-14,63,-5,44,49,
,,,,,,
1639348811,-3,59,-1,45,46,
,,,,,,
1639348811,0,63,1,49,49,
,,,,,,
1639348811,2,61,5,48,47,
,,,,,,
1639348811,3,61,3,48,47,
,,,,,,
1639348811,2,58,3,45,44,
,,,,,,
1639348811,-5,66,1,50,52,
,,,,,,
1639348812,3,53,3,41,40,
,,,,,,
1639348812,0,66,-1,52,52,
,,,,,,
1639348812,6,63,2,49,47,
,,,,,,
1639348812,-3,64,-2,49,50,
,,,,,,
1639348812,-1,68,0,53,53,
,,,,,,
1639348812,-2,64,1,49,50,
,,,,,,
1639348812,0,58,-3,45,45,
,,,,,,
1639348813,-3,61,0,47,48,
,,,,,,
1639348813,-1,62,0,48,48,
,,,,,,
1639348813,3,59,2,46,45,
,,,,,,
1639348813,1,57,1,45,45,
,,,,,,
1639348813,109,10,-1,46,7,
,,,,,,
1639348813,95,52,-10,57,15,
,,,,,,
1639348813,54,10,-18,25,14,
,,,,,,
1639348813,66,-13,2,-31,-15,
,,,,,,
1639348813,65,-3,-1,-27,-13,
,,,,,,
1639348814,60,-11,-9,-28,-15,
,,,,,,
1639348814,101,-9,19,-43,-9,
,,,,,,
1639348814,86,-30,23,-45,-15,
,,,,,,
1639348814,-23,-40,35,-25,-31,
,,,,,,
1639348814,26,-43,58,-34,-27,
,,,,,,
1639348814,5,-36,37,-28,-27,
,,,,,,
1639348814,7,-43,26,-34,-32,
,,,,,,
1639348815,41,-59,3,-46,-31,
,,,,,,
1639348815,29,-59,-10,-46,-36,
,,,,,,
1639348815,33,-56,3,-44,-33,
,,,,,,
1639348815,21,-50,35,-39,-32,
,,,,,,
1639348815,3,-42,10,-33,-32,
,,,,,,
1639348815,26,-11,18,-14,-11,
,,,,,,
1639348815,-11,127,27,91,99,
,,,,,,
1639348816,-7,58,6,42,45,
,,,,,,
1639348816,-3,68,6,52,53,
,,,,,,
1639348816,-6,52,3,39,41,
,,,,,,
1639348816,-8,64,-7,47,50,
,,,,,,
1639348816,-11,61,-8,44,48,
,,,,,,
1639348816,-20,60,-13,40,47,
,,,,,,
1639348816,4,61,-6,48,46,
,,,,,,
1639348816,5,58,-14,45,43,
,,,,,,
1639348816,-18,57,-27,39,45,
,,,,,,
1639348817,-2,51,-8,39,40,
,,,,,,
1639348817,-5,63,-11,47,49,
,,,,,,
1639348817,-21,53,-14,34,41,
,,,,,,
1639348817,-8,59,-21,43,46,
,,,,,,
1639348817,-10,60,-21,43,47,
,,,,,,
1639348817,-9,57,-19,42,45,
,,,,,,
1639348817,-13,58,-19,40,45,
,,,,,,
1639348817,-12,60,-18,43,47,
,,,,,,
1639348818,-10,58,-19,42,45,
,,,,,,
1639348818,-4,61,-10,46,48,
,,,,,,
1639348818,-9,62,-11,45,48,
,,,,,,
1639348818,-7,61,-7,45,48,
,,,,,,
1639348818,-9,61,-7,45,48,
,,,,,,
1639348818,4,60,-3,47,45,
,,,,,,
1639348818,-5,63,-8,47,49,
,,,,,,
1639348819,5,63,-3,49,47,
,,,,,,
1639348819,3,58,-2,45,44,
,,,,,,
1639348819,12,59,-1,46,42,
,,,,,,
1639348819,18,57,-22,45,39,
,,,,,,
1639348819,26,59,-25,46,37,
,,,,,,
1639348819,40,45,-19,35,24,
,,,,,,
1639348819,23,39,-8,30,25,
,,,,,,
1639348819,33,38,0,30,22,
,,,,,,
1639348819,56,16,6,28,16,
,,,,,,
1639348820,49,27,-8,30,18,
,,,,,,
1639348820,57,34,-3,36,20,
,,,,,,
1639348820,47,50,-18,39,25,
,,,,,,
1639348820,35,43,-21,34,25,
,,,,,,
1639348820,43,39,-20,32,21,
,,,,,,
1639348820,32,43,-27,34,26,
,,,,,,
1639348820,36,44,-26,34,24,
,,,,,,
1639348820,39,43,-26,34,24,
,,,,,,
1639348821,36,43,-28,34,24,
,,,,,,
1639348821,32,44,-29,34,26,
,,,,,,
1639348821,35,49,-26,38,28,
,,,,,,
1639348821,36,42,-25,33,24,
,,,,,,
1639348821,29,49,-26,38,29,
,,,,,,
1639348821,36,48,-24,38,27,
,,,,,,
1639348821,34,48,-24,38,28,
,,,,,,
1639348822,34,48,-22,38,28,
,,,,,,
1639348822,29,46,-22,36,28,
,,,,,,
1639348822,33,49,-21,38,28,
,,,,,,
1639348822,37,48,-19,38,27,
,,,,,,
1639348822,31,51,-18,40,30,
,,,,,,
1639348822,20,55,-19,43,36,
,,,,,,
1639348822,34,54,-12,42,31,
,,,,,,
1639348822,42,67,-10,52,35,
,,,,,,
1639348822,18,56,-1,44,38,
,,,,,,
1639348823,13,48,8,38,34,
,,,,,,
1639348823,15,58,10,45,40,
,,,,,,
1639348823,14,55,10,43,38,
,,,,,,
1639348823,7,52,18,41,39,
,,,,,,
1639348823,5,51,17,40,38,
,,,,,,
1639348823,18,87,10,68,59,
,,,,,,
1639348823,-28,20,21,15,19,
,,,,,,
1639348823,-13,84,6,59,66,
,,,,,,
1639348824,-24,52,5,33,41,
,,,,,,
1639348824,-13,59,9,41,46,
,,,,,,
1639348824,-14,55,9,38,43,
,,,,,,
1639348824,-11,67,4,48,52,
,,,,,,
1639348824,-8,61,3,45,48,
,,,,,,
1639348824,-6,61,6,46,48,
,,,,,,
1639348824,-7,52,6,39,41,
,,,,,,
1639348825,-9,48,0,35,38,
,,,,,,
1639348825,-5,86,0,64,67,
,,,,,,
1639348825,-17,47,2,32,37,
,,,,,,
1639348825,-15,61,2,42,48,
,,,,,,
1639348825,-17,58,1,39,45,
,,,,,,
1639348825,-16,65,1,45,51,
,,,,,,
1639348825,3,62,3,48,47,
,,,,,,
1639348825,8,54,-11,42,39,
,,,,,,
1639348825,19,36,-19,28,24,
,,,,,,
1639348826,57,33,-3,35,19,
,,,,,,
1639348826,54,30,-4,33,19,
,,,,,,
1639348826,55,44,0,39,22,
,,,,,,
1639348826,24,79,-15,62,50,
,,,,,,
1639348826,1,72,-15,56,56,
,,,,,,
1639348826,-4,116,-9,88,91,
,,,,,,
1639348826,-45,23,5,18,27,
,,,,,,
1639348826,-33,24,12,16,22,
,,,,,,
1639348827,-50,21,4,17,28,
,,,,,,
1639348827,-65,15,-1,15,31,
,,,,,,
1639348827,-52,19,2,17,28,
,,,,,,
1639348827,-57,16,-1,16,29,
,,,,,,
1639348827,-59,21,-1,17,31,
,,,,,,
1639348827,-59,17,-2,16,30,
,,,,,,
1639348827,-59,20,-3,17,31,
,,,,,,
1639348828,-62,16,-3,16,30,
,,,,,,
1639348828,-59,16,-2,16,29,
,,,,,,
1639348828,-60,14,-3,15,29,
,,,,,,
1639348828,-61,13,-3,15,29,
,,,,,,
1639348828,-61,16,-3,16,30,
,,,,,,
1639348828,-66,14,-6,15,31,
,,,,,,
1639348828,-63,14,-3,15,30,
,,,,,,
1639348828,-63,13,-3,15,30,
,,,,,,
1639348828,-52,10,-6,14,24,
,,,,,,
1639348829,-62,-9,-21,-14,-28,
,,,,,,
1639348829,-63,-3,-19,-13,-26,
,,,,,,
1639348829,-56,-8,-20,-14,-25,
,,,,,,
1639348829,-51,-30,-16,-19,-32,
,,,,,,
1639348829,-51,-35,-35,-20,-34,
,,,,,,
1639348829,-45,-23,-24,-18,-27,
,,,,,,
1639348829,-53,-14,-29,-15,-26,
,,,,,,
1639348829,-54,-24,-33,-17,-30,
,,,,,,
1639348830,-54,-22,-35,-17,-30,
,,,,,,
1639348830,-64,-2,-40,-13,-26,
,,,,,,
1639348830,-51,0,-27,12,20,
,,,,,,
1639348830,-52,16,-29,16,27,
,,,,,,
1639348830,-58,-1,-36,-13,-23,
,,,,,,
1639348830,-56,0,-31,12,22,
,,,,,,
1639348830,-57,-6,-34,-14,-25,
,,,,,,
1639348831,-51,-3,-27,-13,-21,
,,,,,,
1639348831,-52,-15,-29,-15,-26,
,,,,,,
1639348831,-57,-13,-36,-15,-27,
,,,,,,
1639348831,-54,-14,-34,-16,-27,
,,,,,,
1639348831,-55,-11,-33,-15,-26,
,,,,,,
1639348831,-54,-11,-33,-14,-25,
,,,,,,
1639348831,-52,-13,-33,-15,-25,
,,,,,,
1639348831,-51,-12,-31,-15,-25,
,,,,,,
1639348831,-54,-12,-32,-15,-26,
,,,,,,
1639348832,-54,-15,-33,-16,-27,
,,,,,,
1639348832,-53,-17,-32,-16,-27,
,,,,,,
1639348832,-54,-12,-32,-15,-26,
,,,,,,
1639348832,-53,-14,-32,-15,-26,
,,,,,,
1639348832,-54,-14,-33,-16,-27,
,,,,,,
1639348832,-55,-14,-34,-15,-27,
,,,,,,
1639348832,-54,-15,-33,-16,-27,
,,,,,,
1639348832,-53,-14,-33,-15,-26,
,,,,,,
1639348833,-51,-15,-31,-16,-26,
,,,,,,
1639348833,-52,-14,-32,-15,-26,
,,,,,,
1639348833,-53,-16,-33,-16,-27,
,,,,,,
1639348833,-55,-16,-35,-16,-28,
,,,,,,
1639348833,-53,-16,-33,-16,-27,
,,,,,,
1639348833,-52,-14,-32,-15,-26,
,,,,,,
1639348833,-53,-16,-33,-16,-27,
,,,,,,
1639348834,-55,-15,-35,-15,-27,
,,,,,,
1639348834,-53,-15,-34,-16,-27,
,,,,,,
1639348834,-53,-16,-33,-16,-27,
,,,,,,
1639348834,-53,-17,-33,-16,-27,
,,,,,,
1639348834,-52,-16,-34,-16,-27,
,,,,,,
1639348834,-53,-17,-34,-16,-27,
,,,,,,
1639348834,-53,-15,-32,-16,-27,
,,,,,,
1639348834,-55,-15,-34,-15,-27,
,,,,,,
1639348834,-54,-14,-33,-16,-27,
,,,,,,
1639348835,-52,-16,-32,-16,-27,
,,,,,,
1639348835,-55,-15,-34,-15,-27,
,,,,,,
1639348835,-50,-15,-32,-15,-25,
,,,,,,
1639348835,-55,-14,-34,-15,-27,
,,,,,,
1639348835,-52,-14,-32,-15,-26,
,,,,,,
1639348835,-57,-11,-34,-15,-27,
,,,,,,
1639348835,-51,-14,-34,-15,-25,
,,,,,,
1639348835,-52,-16,-34,-16,-27,
,,,,,,
1639348836,-53,-13,-32,-15,-26,
,,,,,,
1639348836,-53,-15,-34,-16,-27,
,,,,,,
1639348836,-51,-14,-32,-15,-25,
,,,,,,
1639348836,-53,-14,-32,-15,-26,
,,,,,,
1639348836,-55,-14,-33,-15,-27,
,,,,,,
1639348836,-54,-14,-33,-16,-27,
,,,,,,
1639348836,-52,-13,-32,-15,-25,
,,,,,,
1639348837,-54,-14,-34,-16,-27,
,,,,,,
1639348837,-54,-16,-33,-16,-27,
,,,,,,
1639348837,-53,-15,-33,-16,-27,
,,,,,,
1639348837,-53,-17,-33,-16,-27,
,,,,,,
1639348837,-52,-12,-31,-15,-25,
,,,,,,
1639348837,-52,-14,-32,-15,-26,
,,,,,,
1639348837,-54,-15,-33,-16,-27,
,,,,,,
1639348837,-54,-17,-35,-16,-28,
,,,,,,
1639348837,-56,-16,-36,-16,-28,
,,,,,,
1639348838,-54,-13,-33,-15,-26,
,,,,,,
1639348838,-50,-11,-28,-15,-24,
,,,,,,
1639348838,-51,-15,-31,-16,-26,
,,,,,,
1639348838,-59,-22,-43,-17,-32,
,,,,,,
1639348838,-10,24,5,18,19,
,,,,,,
1639348838,-1,58,4,45,45,
,,,,,,
1639348838,-10,65,13,47,51,
,,,,,,
1639348839,-9,60,18,44,47,
,,,,,,
1639348839,1,71,25,55,55,
,,,,,,
1639348839,-1,54,21,42,42,
,,,,,,
1639348839,5,60,32,47,45,
,,,,,,
1639348839,2,52,30,41,40,
,,,,,,
1639348839,9,66,52,52,48,
,,,,,,
1639348839,-2,38,42,30,30,
,,,,,,
1639348839,-4,43,49,33,34,
,,,,,,
1639348840,-2,38,48,30,30,
,,,,,,
1639348840,1,52,34,41,41,
,,,,,,
1639348840,16,42,43,33,29,
,,,,,,
1639348840,1,61,12,48,48,
,,,,,,
1639348840,-10,57,-18,42,45,
,,,,,,
1639348840,12,62,5,48,43,
,,,,,,
1639348840,-4,61,-23,46,48,
,,,,,,
1639348840,-9,63,-15,45,49,
,,,,,,
1639348841,-18,76,-16,51,59,
,,,,,,
1639348841,-6,12,2,9,9,
,,,,,,
1639348841,-7,72,-3,53,56,
,,,,,,
1639348841,-24,44,-19,28,34,
,,,,,,
1639348841,-33,41,-25,24,32,
,,,,,,
1639348841,35,37,-26,29,21,
,,,,,,
1639348841,23,31,-39,24,20,
,,,,,,
1639348841,55,14,-12,27,15,
,,,,,,
1639348842,55,31,-14,34,19,
,,,,,,
1639348842,54,22,-14,30,17,
,,,,,,
1639348842,59,29,-12,34,18,
,,,,,,
1639348842,55,28,-18,32,18,
,,,,,,
1639348842,57,27,-14,33,18,
,,,,,,
1639348842,58,21,-14,31,17,
,,,,,,
1639348842,60,25,-13,33,18,
,,,,,,
1639348842,55,24,-16,31,18,
,,,,,,
1639348843,52,26,-18,30,18,
,,,,,,
1639348843,58,19,-10,30,16,
,,,,,,
1639348843,56,20,-10,30,17,
,,,,,,
1639348843,59,27,-10,34,18,
,,,,,,
1639348843,58,27,-9,33,18,
,,,,,,
1639348843,58,23,-9,32,17,
,,,,,,
1639348843,54,18,-12,28,16,
,,,,,,
1639348843,56,29,-8,33,19,
,,,,,,
1639348844,52,29,-11,32,19,
,,,,,,
1639348844,49,30,-12,31,19,
,,,,,,
1639348844,21,45,-11,35,29,
,,,,,,
1639348844,8,63,-15,49,46,
,,,,,,
1639348844,-16,63,-24,43,49,
,,,,,,
1639348844,-10,27,-46,19,21,
,,,,,,
1639348844,-5,58,-19,43,45,
,,,,,,
1639348844,-8,53,-34,38,41,
,,,,,,
1639348845,-14,54,-35,37,42,
,,,,,,
1639348845,-10,53,-32,38,41,
,,,,,,
1639348845,-12,39,-22,27,30,
,,,,,,
1639348845,-21,27,-36,18,21,
,,,,,,
1639348845,-32,22,-24,16,21,
,,,,,,
1639348845,-37,33,-37,19,27,
,,,,,,
1639348845,-38,29,-36,18,26,
,,,,,,
1639348845,-42,34,-40,20,30,
,,,,,,
1639348846,-37,26,-32,18,25,
,,,,,,
1639348846,-42,27,-39,18,27,
,,,,,,
1639348846,-42,24,-39,17,26,
,,,,,,
1639348846,-44,13,-45,14,22,
,,,,,,
1639348846,-42,21,-41,17,25,
,,,,,,
1639348846,-42,15,-41,15,22,
,,,,,,
1639348846,-37,25,-41,17,24,
,,,,,,
1639348846,-37,35,-44,20,28,
,,,,,,
1639348847,-3,43,-32,33,34,
,,,,,,
1639348847,22,69,3,54,45,
,,,,,,
1639348847,-5,56,-25,42,44,
,,,,,,
1639348847,48,49,23,38,24,
,,,,,,
1639348847,46,63,26,49,31,
,,,,,,
1639348847,-16,54,-29,37,42,
,,,,,,
1639348847,-30,75,-28,45,59,
,,,,,,
1639348847,-7,74,-10,55,58,
,,,,,,
1639348848,0,42,32,33,33,
,,,,,,
1639348848,18,53,12,41,35,
,,,,,,
1639348848,8,36,-3,28,26,
,,,,,,
1639348848,-1,54,-11,42,42,
,,,,,,
1639348848,-3,47,-15,36,37,
,,,,,,
1639348848,-6,53,-10,39,41,
,,,,,,
1639348848,3,57,-25,45,44,
,,,,,,
1639348849,-4,53,-22,40,41,
,,,,,,
1639348849,-19,49,-35,32,38,
,,,,,,
1639348849,-5,62,-26,46,48,
,,,,,,
1639348849,-7,54,-24,40,42,
,,,,,,
1639348849,-12,49,-35,34,38,
,,,,,,
1639348849,-10,51,-30,37,40,
,,,,,,
1639348849,-10,54,-30,39,42,
,,,,,,
1639348849,-8,55,-31,40,43,
,,,,,,
1639348849,-7,50,-29,37,39,
,,,,,,
1639348850,-8,55,-28,40,43,
,,,,,,
1639348850,-10,51,-31,37,40,
,,,,,,
1639348850,-7,53,-27,39,41,
,,,,,,
1639348850,-7,57,-27,42,45,
,,,,,,
1639348850,-7,51,-28,38,40,
,,,,,,
1639348850,-6,56,-28,42,44,
,,,,,,
1639348850,-9,54,-31,39,42,
,,,,,,
1639348850,-7,53,-29,39,41,
,,,,,,
1639348851,-5,53,-27,39,41,
,,,,,,
1639348851,-9,52,-32,38,41,
,,,,,,
1639348851,-4,48,-25,37,38,
,,,,,,
1639348851,-5,55,-31,41,43,
,,,,,,
1639348851,-9,60,-36,44,47,
,,,,,,
1639348851,-2,53,-29,40,41,
,,,,,,
1639348851,-1,51,-27,40,40,
,,,,,,
1639348851,-4,55,-32,42,43,
,,,,,,
1639348852,-6,45,-30,33,35,
,,,,,,
1639348852,-6,56,-30,42,44,
,,,,,,
1639348852,-10,52,-33,38,41,
,,,,,,
1639348852,-6,52,-34,39,41,
,,,,,,
1639348852,3,55,-23,43,42,
,,,,,,
1639348852,-3,55,-31,42,43,
,,,,,,
1639348852,-7,53,-33,39,41,
,,,,,,
1639348852,-4,53,-30,40,41,
,,,,,,
1639348852,-4,54,-27,41,42,
,,,,,,
1639348853,-7,56,-30,42,44,
,,,,,,
1639348853,-6,60,-30,45,47,
,,,,,,
1639348853,3,78,-10,61,60,
,,,,,,
1639348853,9,92,-3,72,67,
,,,,,,
1639348853,10,80,3,62,57,
,,,,,,
1639348853,0,34,27,27,27,
,,,,,,
1639348853,-17,44,-48,29,34,
,,,,,,
1639348853,-36,82,-86,46,64,
,,,,,,
1639348854,-10,42,-42,30,33,
,,,,,,
1639348854,4,58,-32,45,44,
,,,,,,
1639348854,15,49,-12,38,34,
,,,,,,
1639348854,5,111,-15,87,84,
,,,,,,
1639348854,-11,43,19,31,34,
,,,,,,
1639348854,0,22,33,17,17,
,,,,,,
1639348854,-8,43,28,32,34,
,,,,,,
1639348855,1,58,22,45,45,
,,,,,,
1639348855,-2,65,15,50,51,
,,,,,,
1639348855,12,69,-2,54,49,
,,,,,,
1639348855,9,16,-24,12,11,
,,,,,,
1639348855,15,25,-23,20,18,
,,,,,,
1639348855,8,68,-44,53,50,
,,,,,,
1639348855,4,79,-11,62,60,
,,,,,,
1639348855,17,6,-33,9,8,
,,,,,,
1639348855,13,88,-66,69,62,
,,,,,,
1639348856,32,17,-20,19,14,
,,,,,,
1639348856,-11,65,-67,47,51,
,,,,,,
1639348856,8,27,-34,21,20,
,,,,,,
1639348856,16,60,-1,47,41,
,,,,,,
1639348856,13,61,-12,48,43,
,,,,,,
1639348856,10,59,-14,46,42,
,,,,,,
1639348856,6,51,-20,40,38,
,,,,,,
1639348856,12,63,-19,49,44,
,,,,,,
1639348857,-12,62,-27,43,48,
,,,,,,
1639348857,-26,73,-48,45,57,
,,,,,,
1639348857,-3,48,-29,37,38,
,,,,,,
1639348857,6,27,-30,21,20,
,,,,,,
1639348857,-28,63,-45,38,49,
,,,,,,
1639348857,-6,28,-20,21,22,
,,,,,,
1639348857,-12,49,-19,34,38,
,,,,,,
1639348858,-35,19,-16,15,21,
,,,,,,
1639348858,-53,25,-21,18,30,
,,,,,,
1639348858,-49,27,-13,18,30,
,,,,,,
1639348858,-70,25,-26,17,37,
,,,,,,
1639348858,-78,22,-32,15,39,
,,,,,,
1639348858,-55,26,-22,18,32,
,,,,,,
1639348858,-58,16,-16,16,29,
,,,,,,
1639348858,-58,26,-13,18,33,
,,,,,,
1639348858,-57,12,-16,15,27,
,,,,,,
1639348859,-61,8,-20,14,27,
,,,,,,
1639348859,-53,13,-11,15,26,
,,,,,,
1639348859,-65,14,-22,15,31,
,,,,,,
1639348859,-49,18,-17,16,26,
,,,,,,
1639348859,-51,22,-13,17,29,
,,,,,,
1639348859,-59,25,-16,18,33,
,,,,,,
1639348859,-57,21,-15,17,30,
,,,,,,
1639348859,-58,19,-16,16,30,
,,,,,,
1639348860,-51,23,-16,17,29,
,,,,,,
1639348860,-43,37,-6,21,31,
,,,,,,
1639348860,-49,28,-8,18,30,
,,,,,,
1639348860,-54,34,-23,20,34,
,,,,,,
1639348860,-50,52,-16,25,41,
,,,,,,
1639348860,-43,50,-18,26,39,
,,,,,,
1639348860,-25,50,1,31,39,
,,,,,,
1639348861,-41,42,-10,22,33,
,,,,,,
1639348861,-27,58,-5,36,45,
,,,,,,
1639348861,-25,51,-6,32,40,
,,,,,,
1639348861,-20,54,-6,35,42,
,,,,,,
1639348861,-18,53,-7,35,41,
,,,,,,
1639348861,-10,66,-3,48,52,
,,,,,,
1639348861,-2,65,-6,50,51,
,,,,,,
1639348861,-1,63,2,49,49,
,,,,,,
1639348861,-10,83,-15,60,65,
,,,,,,
1639348862,-17,49,-9,33,38,
,,,,,,
1639348862,-17,56,-10,38,44,
,,,,,,
1639348862,-22,55,-16,36,43,
,,,,,,
1639348862,-19,65,-13,43,51,
,,,,,,
1639348862,-19,62,-12,41,48,
,,,,,,
1639348862,-20,60,-10,40,47,
,,,,,,
1639348862,-25,52,-13,33,41,
,,,,,,
1639348862,-28,57,-14,35,45,
,,,,,,
1639348863,-20,54,-10,35,42,
,,,,,,
1639348863,-26,54,-17,33,42,
,,,,,,
1639348863,-21,52,-13,34,41,
,,,,,,
1639348863,-27,63,-12,39,49,
,,,,,,
1639348863,-25,62,-10,39,48,
,,,,,,
1639348863,-24,63,-14,40,49,
,,,,,,
1639348863,-23,58,-9,37,45,
,,,,,,
1639348863,-23,58,-10,37,45,
,,,,,,
1639348864,-19,56,-6,37,44,
,,,,,,
1639348864,-23,52,-3,34,41,
,,,,,,
1639348864,-29,56,-4,34,44,
,,,,,,
1639348864,-28,54,-10,33,42,
,,,,,,
1639348864,-29,49,-11,29,38,
,,,,,,
1639348864,-26,60,-8,37,47,
,,,,,,
1639348864,-9,56,4,41,44,
,,,,,,
1639348864,-25,55,-8,35,43,
,,,,,,
1639348865,-23,59,-6,38,46,
,,,,,,
1639348865,-18,57,-8,39,45,
,,,,,,
1639348865,-16,57,-3,40,45,
,,,,,,
1639348865,-20,61,-8,41,48,
,,,,,,
1639348865,-23,56,-7,36,44,
,,,,,,
1639348865,-19,57,-7,38,45,
,,,,,,
1639348865,-11,56,-4,40,44,
,,,,,,
1639348865,21,52,-5,41,34,
,,,,,,
1639348866,55,52,-9,42,24,
,,,,,,
1639348866,61,14,-10,29,15,
,,,,,,
1639348866,57,8,-16,25,14,
,,,,,,
1639348866,59,3,-9,24,13,
,,,,,,
1639348866,54,7,-15,24,14,
,,,,,,
1639348866,65,3,-21,27,13,
,,,,,,
1639348866,60,-12,-25,-28,-15,
,,,,,,
1639348866,58,-6,-23,-25,-14,
,,,,,,
1639348867,55,11,-24,26,15,
,,,,,,
1639348867,41,34,-19,29,20,
,,,,,,
1639348867,39,37,-21,30,21,
,,,,,,
1639348867,37,40,-22,31,22,
,,,,,,
1639348867,40,39,-26,31,21,
,,,,,,
1639348867,45,41,-21,34,22,
,,,,,,
1639348867,42,35,-25,30,20,
,,,,,,
1639348867,55,35,-31,35,20,
,,,,,,
1639348868,54,23,-26,30,17,
,,,,,,
1639348868,52,28,-26,31,18,
,,,,,,
1639348868,50,31,-26,32,20,
,,,,,,
1639348868,48,29,-26,30,19,
,,,,,,
1639348868,51,31,-26,32,19,
,,,,,,
1639348868,50,31,-26,32,20,
,,,,,,
1639348868,50,31,-25,32,20,
,,,,,,
1639348868,48,34,-27,32,20,
,,,,,,
1639348869,51,27,-21,30,18,
,,,,,,
1639348869,57,31,-24,34,19,
,,,,,,
1639348869,51,29,-26,31,19,
,,,,,,
1639348869,50,35,-28,33,20,
,,,,,,
1639348869,53,32,-20,33,19,
,,,,,,
1639348869,47,32,-21,31,20,
,,,,,,
1639348869,43,31,-24,29,19,
,,,,,,
1639348869,55,37,-14,36,21,
,,,,,,
1639348870,50,30,-20,31,19,
,,,,,,
1639348870,47,26,-23,29,18,
,,,,,,
1639348870,74,4,-2,30,13,
,,,,,,
1639348870,60,23,-17,32,17,
,,,,,,
1639348870,53,30,-19,32,19,
,,,,,,
1639348870,53,30,-18,32,19,
,,,,,,
1639348870,59,22,-19,32,17,
,,,,,,
1639348870,52,25,-21,30,18,
,,,,,,
1639348870,53,28,-17,32,19,
,,,,,,
1639348871,54,30,-20,33,19,
,,,,,,
1639348871,52,30,-22,32,19,
,,,,,,
1639348871,53,31,-13,33,19,
,,,,,,
1639348871,60,25,-10,33,18,
,,,,,,
1639348871,57,29,-16,34,19,
,,,,,,
1639348871,50,27,-23,30,18,
,,,,,,
1639348871,56,22,-22,30,17,
,,,,,,
1639348871,54,22,-25,30,17,
,,,,,,
1639348872,55,20,-23,29,17,
,,,,,,
1639348872,54,29,-20,32,18,
,,,,,,
1639348872,57,35,-12,36,20,
,,,,,,
1639348872,50,36,-17,34,21,
,,,,,,
1639348872,52,36,-16,34,20,
,,,,,,
1639348872,50,32,-16,32,20,
,,,,,,
1639348872,51,28,-15,31,19,
,,,,,,
1639348873,50,37,-14,34,21,
,,,,,,
1639348873,52,34,-11,34,20,
,,,,,,
1639348873,51,35,-13,34,20,
,,,,,,
1639348873,49,38,-11,34,21,
,,,,,,
1639348873,57,34,-11,36,20,
,,,,,,
1639348873,38,19,-16,22,16,
,,,,,,
1639348873,42,23,-12,25,17,
,,,,,,
1639348873,72,37,3,43,19,
,,,,,,
1639348873,28,51,-3,40,31,
,,,,,,
1639348874,17,36,0,28,24,
,,,,,,
1639348874,30,52,0,41,31,
,,,,,,
1639348874,10,47,10,37,34,
,,,,,,
1639348874,11,58,10,45,41,
,,,,,,
1639348874,-1,71,4,55,55,
,,,,,,
1639348874,-7,47,17,35,37,
,,,,,,
1639348874,-21,46,1,30,36,
,,,,,,
1639348874,-47,56,-6,28,44,
,,,,,,
1639348875,88,96,23,75,23,
,,,,,,
1639348875,13,54,-20,42,38,
,,,,,,
1639348875,-61,12,7,15,29,
,,,,,,
1639348875,-29,29,2,18,23,
,,,,,,
1639348875,-27,62,2,38,48,
,,,,,,
1639348875,9,67,0,52,48,
,,,,,,
1639348875,-18,18,5,12,14,
,,,,,,
1639348875,-30,38,1,23,30,
,,,,,,
1639348876,6,35,3,27,26,
,,,,,,
1639348876,27,75,-14,59,47,
,,,,,,
1639348876,13,52,-10,41,37,
,,,,,,
1639348876,20,44,-23,34,29,
,,,,,,
1639348876,30,59,-21,46,35,
,,,,,,
1639348876,28,53,-12,41,32,
,,,,,,
1639348876,40,54,-12,42,29,
,,,,,,
1639348876,25,48,-16,38,31,
,,,,,,
1639348877,29,55,-15,43,33,
,,,,,,
1639348877,30,52,-16,41,31,
,,,,,,
1639348877,33,49,-14,38,28,
,,,,,,
1639348877,37,48,-15,38,27,
,,,,,,
1639348877,39,43,-15,34,24,
,,,,,,
1639348877,45,43,-4,34,22,
,,,,,,
1639348877,43,44,-14,34,23,
,,,,,,
1639348877,36,40,-12,31,22,
,,,,,,
1639348878,36,37,-6,29,21,
,,,,,,
1639348878,33,38,-7,30,22,
,,,,,,
1639348878,35,63,-10,49,36,
,,,,,,
1639348878,35,42,-8,33,24,
,,,,,,
1639348878,34,44,-8,34,25,
,,,,,,
1639348878,20,55,-18,43,36,
,,,,,,
1639348878,46,61,-3,48,31,
,,,,,,
1639348879,28,47,-11,37,29,
,,,,,,
1639348879,31,49,-13,38,29,
,,,,,,
1639348879,29,52,-10,41,32,
,,,,,,
1639348879,31,49,-12,38,29,
,,,,,,
1639348879,33,51,-14,40,30,
,,,,,,
1639348879,36,45,-6,35,25,
,,,,,,
1639348879,29,57,-13,45,35,
,,,,,,
1639348879,30,47,-9,37,28,
,,,,,,
1639348879,38,40,-16,31,22,
,,,,,,
1639348880,19,57,-10,45,38,
,,,,,,
1639348880,29,41,-18,32,25,
,,,,,,
1639348880,41,53,3,41,28,
,,,,,,
1639348880,41,71,-27,55,37,
,,,,,,
1639348880,57,44,-5,39,22,
,,,,,,
1639348880,26,61,-29,48,38,
,,,,,,
1639348880,48,70,-17,55,34,
,,,,,,
1639348880,25,75,-46,59,48,
,,,,,,
1639348881,30,40,-14,31,24,
,,,,,,
1639348881,37,53,-27,41,29,
,,,,,,
1639348881,33,45,-29,35,26,
,,,,,,
1639348881,21,52,-29,41,34,
,,,,,,
1639348881,28,49,-26,38,30,
,,,,,,
1639348881,27,51,-26,40,32,
,,,,,,
1639348881,26,44,-25,34,27,
,,,,,,
1639348882,29,65,-21,51,39,
,,,,,,
1639348882,28,72,-26,56,44,
,,,,,,
1639348882,21,50,-19,39,32,
,,,,,,
1639348882,21,49,-20,38,32,
,,,,,,
1639348882,18,47,-24,37,32,
,,,,,,
1639348882,27,61,-23,48,38,
,,,,,,
1639348882,20,43,-31,34,29,
,,,,,,
1639348882,24,57,-23,45,36,
,,,,,,
1639348882,28,60,-12,47,37,
,,,,,,
1639348883,24,59,-16,46,37,
,,,,,,
1639348883,30,51,-5,40,31,
,,,,,,
1639348883,28,58,4,45,35,
,,,,,,
1639348883,17,45,20,35,30,
,,,,,,
1639348883,4,38,11,30,29,
,,,,,,
1639348883,8,43,31,34,32,
,,,,,,
1639348883,27,44,35,34,27,
,,,,,,
1639348883,30,39,14,30,23,
,,,,,,
1639348884,30,31,33,24,18,
,,,,,,
1639348884,23,54,29,42,35,
,,,,,,
1639348884,32,45,32,35,26,
,,,,,,
1639348884,20,44,22,34,29,
,,,,,,
1639348884,32,37,36,29,22,
,,,,,,
1639348884,35,39,41,30,22,
,,,,,,
1639348884,33,42,32,33,25,
,,,,,,
1639348885,11,44,41,34,31,
,,,,,,
1639348885,19,53,51,41,35,
,,,,,,
1639348885,33,43,45,34,25,
,,,,,,
1639348885,15,46,38,36,32,
,,,,,,
1639348885,18,48,23,38,33,
,,,,,,
1639348885,24,49,7,38,31,
,,,,,,
1639348885,28,53,19,41,32,
,,,,,,
1639348885,15,62,0,48,42,
,,,,,,
1639348885,17,60,10,47,41,
,,,,,,
1639348886,28,39,-7,30,24,
,,,,,,
1639348886,42,40,-3,32,22,
,,,,,,
1639348886,45,22,-6,26,17,
,,,,,,
1639348886,68,8,3,30,14,
,,,,,,
1639348886,62,11,0,29,15,
,,,,,,
1639348886,74,17,-8,36,15,
,,,,,,
1639348886,70,22,-4,36,16,
,,,,,,
1639348886,71,11,-4,32,14,
,,,,,,
1639348887,51,-5,-17,-22,-13,
,,,,,,
1639348887,68,-13,-20,-32,-15,
,,,,,,
1639348887,65,-7,-15,-28,-14,
,,,,,,
1639348887,60,-5,-17,-25,-13,
,,,,,,
1639348887,52,-19,-20,-28,-17,
,,,,,,
1639348887,68,6,-9,29,14,
,,,,,,
1639348887,40,37,-20,30,21,
,,,,,,
1639348887,50,36,-18,34,21,
,,,,,,
1639348888,48,31,-26,31,19,
,,,,,,
1639348888,46,29,-26,29,19,
,,,,,,
1639348888,48,33,-24,32,20,
,,,,,,
1639348888,51,23,-27,29,17,
,,,,,,
1639348888,51,13,-29,25,15,
,,,,,,
1639348888,45,12,-31,22,14,
,,,,,,
1639348888,54,28,-27,32,18,
,,,,,,
1639348888,53,18,-28,28,16,
,,,,,,
1639348889,53,23,-28,30,18,
,,,,,,
1639348889,47,24,-31,28,18,
,,,,,,
1639348889,50,23,-29,29,18,
,,,,,,
1639348889,47,33,-29,31,20,
,,,,,,
1639348889,46,29,-29,29,19,
,,,,,,
1639348889,50,26,-34,30,18,
,,,,,,
1639348889,50,28,-32,30,18,
,,,,,,
1639348889,47,22,-32,27,17,
,,,,,,
1639348890,46,23,-35,27,17,
,,,,,,
1639348890,53,18,-33,28,16,
,,,,,,
1639348890,51,20,-33,28,17,
,,,,,,
1639348890,51,17,-33,27,16,
,,,,,,
1639348890,56,15,-28,28,16,
,,,,,,
1639348890,54,16,-34,27,16,
,,,,,,
1639348890,51,14,-32,25,15,
,,,,,,
1639348890,58,13,-31,28,15,
,,,,,,
1639348891,55,14,-32,27,15,
,,,,,,
1639348891,54,10,-32,25,14,
,,,,,,
1639348891,54,10,-35,25,14,
,,,,,,
1639348891,50,3,-34,21,13,
,,,,,,
1639348891,58,9,-30,26,14,
,,,,,,
1639348891,57,2,-32,23,13,
,,,,,,
1639348891,54,-10,-38,-25,-14,
,,,,,,
1639348891,54,-9,-35,-25,-14,
,,,,,,
1639348891,52,5,-34,22,13,
,,,,,,
1639348892,50,7,-36,22,13,
,,,,,,
1639348892,56,11,-34,26,15,
,,,,,,
1639348892,50,12,-40,24,15,
,,,,,,
1639348892,49,20,-41,27,17,
,,,,,,
1639348892,47,18,-40,25,16,
,,,,,,
1639348892,42,20,-43,24,16,
,,,,,,
1639348892,42,25,-43,26,17,
,,,,,,
1639348892,40,25,-44,25,17,
,,,,,,
1639348893,37,28,-43,25,18,
,,,,,,
1639348893,35,31,-42,26,19,
,,,,,,
1639348893,35,32,-42,26,19,
,,,,,,
1639348893,35,33,-43,27,20,
,,,,,,
1639348893,36,33,-42,27,19,
,,,,,,
1639348893,35,30,-41,25,18,
,,,,,,
1639348893,35,33,-41,27,20,
,,,,,,
1639348894,35,32,-41,26,19,
,,,,,,
1639348894,35,32,-45,26,19,
,,,,,,
1639348894,37,27,-44,25,18,
,,,,,,
1639348894,36,29,-44,25,18,
,,,,,,
1639348894,37,31,-39,27,19,
,,,,,,
1639348894,34,30,-43,25,18,
,,,,,,
1639348894,35,34,-44,27,20,
,,,,,,
1639348894,19,48,-41,38,32,
,,,,,,
1639348895,23,43,-38,34,28,
,,,,,,
1639348895,33,52,-32,41,31,
,,,,,,
1639348895,17,47,-30,37,32,
,,,,,,
1639348895,18,51,-30,40,34,
,,,,,,
1639348895,20,51,-29,40,34,
,,,,,,
1639348895,21,50,-28,39,32,
,,,,,,
1639348895,22,53,-29,41,34,
,,,,,,
1639348895,19,52,-32,41,35,
,,,,,,
1639348896,24,48,-33,38,31,
,,,,,,
1639348896,22,50,-32,39,32,
,,,,,,
1639348896,20,47,-35,37,31,
,,,,,,
1639348896,24,48,-34,38,31,
,,,,,,
1639348896,22,48,-34,38,31,
,,,,,,
1639348896,20,49,-33,38,32,
,,,,,,
1639348896,23,47,-34,37,30,
,,,,,,
1639348897,23,58,-30,45,37,
,,,,,,
1639348897,12,52,-34,41,37,
,,,,,,
1639348897,20,62,-13,48,41,
,,,,,,
1639348897,0,54,-19,42,42,
,,,,,,
1639348897,-1,59,-17,46,46,
,,,,,,
1639348897,3,59,-14,46,45,
,,,,,,
1639348897,3,61,-8,48,47,
,,,,,,
1639348897,-1,56,-10,44,44,
,,,,,,
1639348897,14,53,-6,41,36,
,,,,,,
1639348898,0,60,-6,47,47,
,,,,,,
1639348898,4,61,-5,48,46,
,,,,,,
1639348898,7,68,-12,53,50,
,,,,,,
1639348898,8,58,-10,45,42,
,,,,,,
1639348898,-1,49,-19,38,38,
,,,,,,
1639348898,4,50,-22,39,38,
,,,,,,
1639348898,12,59,-16,46,42,
,,,,,,
1639348898,15,61,-16,48,42,
,,,,,,
1639348899,4,54,-22,42,41,
,,,,,,
1639348899,-4,56,-22,43,44,
,,,,,,
1639348899,2,65,-16,51,50,
,,,,,,
1639348899,-11,63,-13,45,49,
,,,,,,
1639348899,-41,56,-8,30,44,
,,,,,,
1639348899,-42,57,-7,30,45,
,,,,,,
1639348899,-45,46,-9,23,36,
,,,,,,
1639348900,-42,41,-10,22,32,
,,,,,,
1639348900,-42,47,-9,25,37,
,,,,,,
1639348900,-45,44,-10,23,35,
,,,,,,
1639348900,-44,40,-9,22,33,
,,,,,,
1639348900,-44,41,-11,22,33,
,,,,,,
1639348900,-47,40,-9,22,34,
,,,,,,
1639348900,-48,40,-9,21,34,
,,,,,,
1639348900,-46,42,-9,22,34,
,,,,,,
1639348900,-45,54,-7,27,42,
,,,,,,
1639348901,-28,58,-4,35,45,
,,,,,,
1639348901,-16,50,-1,34,39,
,,,,,,
1639348901,5,58,-1,45,43,
,,,,,,
1639348901,-6,64,5,48,50,
,,,,,,
1639348901,4,72,11,56,54,
,,,,,,
1639348901,22,33,4,26,22,
,,,,,,
1639348901,77,52,6,50,20,
,,,,,,
1639348901,71,46,15,46,20,
,,,,,,
1639348902,56,28,-41,33,19,
,,,,,,
1639348902,30,117,-30,91,70,
,,,,,,
1639348902,40,73,-36,57,39,
,,,,,,
1639348902,-4,84,-1,64,66,
,,,,,,
1639348902,11,-10,45,-8,-7,
,,,,,,
1639348902,6,-26,54,-20,-19,
,,,,,,
1639348902,-7,-9,50,-7,-7,
,,,,,,
1639348903,25,-17,75,-16,-13,
,,,,,,
1639348903,11,-26,60,-20,-18,
,,,,,,
1639348903,20,-45,44,-35,-30,
,,,,,,
1639348903,26,-13,59,-15,-12,
,,,,,,
1639348903,27,-18,63,-18,-14,
,,,,,,
1639348903,1,-31,50,-24,-24,
,,,,,,
1639348903,4,-9,42,-7,-7,
,,,,,,
1639348903,3,-13,47,-10,-10,
,,,,,,
1639348903,-9,14,33,10,11,
,,,,,,
1639348904,15,29,72,23,20,
,,,,,,
1639348904,-1,36,64,28,28,
,,,,,,
1639348904,-1,20,62,16,16,
,,,,,,
1639348904,36,67,80,52,37,
,,,,,,
1639348904,23,89,47,70,58,
,,,,,,
1639348904,-19,38,41,26,30,
,,,,,,
1639348904,-10,45,50,32,35,
,,,,,,
1639348904,-14,53,49,36,41,
,,,,,,
1639348905,-13,45,38,32,35,
,,,,,,
1639348905,-18,47,32,32,37,
,,,,,,
1639348905,-10,48,37,35,38,
,,,,,,
1639348905,-11,43,35,31,34,
,,,,,,
1639348905,-18,56,27,38,44,
,,,,,,
1639348905,-21,57,34,38,45,
,,,,,,
1639348905,-18,54,32,36,42,
,,,,,,
1639348906,-17,54,22,36,42,
,,,,,,
1639348906,-20,65,18,43,51,
,,,,,,
1639348906,-39,36,31,20,29,
,,,,,,
1639348906,12,67,42,52,47,
,,,,,,
1639348906,-9,27,17,19,21,
,,,,,,
1639348906,-4,41,19,31,32,
,,,,,,
1639348906,-26,46,55,29,36,
,,,,,,
1639348906,-21,49,47,32,38,
,,,,,,
1639348906,-28,45,70,27,35,
,,,,,,
1639348907,-35,24,25,17,23,
,,,,,,
1639348907,-22,-9,64,-10,-12,
,,,,,,
1639348907,1,-24,58,-19,-19,
,,,,,,
1639348907,6,-7,63,-5,-5,
,,,,,,
1639348907,-16,-6,70,-8,-9,
,,,,,,
1639348907,-2,25,62,20,20,
,,,,,,
1639348907,-17,27,56,18,21,
,,,,,,
1639348907,11,21,66,16,15,
,,,,,,
1639348907,3,32,46,25,24,
,,,,,,
1639348908,-19,46,54,31,36,
,,,,,,
1639348908,-2,7,53,5,5,
,,,,,,
1639348908,-6,14,49,11,11,
,,,,,,
1639348908,-22,24,52,16,19,
,,,,,,
1639348908,-22,46,46,30,36,
,,,,,,
1639348908,5,28,55,22,21,
,,,,,,
1639348908,-6,47,54,35,37,
,,,,,,
1639348909,-1,26,59,20,20,
,,,,,,
1639348909,-7,21,57,15,16,
,,,,,,
1639348909,-1,24,61,19,19,
,,,,,,
1639348909,1,21,66,16,16,
,,,,,,
1639348909,-8,25,55,19,20,
,,,,,,
1639348909,-8,29,58,22,23,
,,,,,,
1639348909,-5,22,59,16,17,
,,,,,,
1639348909,-11,28,57,20,22,
,,,,,,
1639348909,-6,24,60,18,19,
,,,,,,
1639348910,-5,22,59,16,17,
,,,,,,
1639348910,-3,18,57,14,14,
,,,,,,
1639348910,-10,35,56,25,27,
,,,,,,
1639348910,1,24,59,19,19,
,,,,,,
1639348910,3,22,60,17,17,
,,,,,,
1639348910,-2,23,59,18,18,
,,,,,,
1639348910,-3,22,53,17,17,
,,,,,,
1639348910,-3,29,59,22,23,
,,,,,,
1639348911,2,24,56,19,19,
,,,,,,
1639348911,4,25,57,20,19,
,,,,,,
1639348911,6,18,59,14,13,
,,,,,,
1639348911,-8,24,59,18,19,
,,,,,,
1639348911,-1,12,61,9,9,
,,,,,,
1639348911,5,23,67,18,17,
,,,,,,
1639348911,8,5,62,5,5,
,,,,,,
1639348912,7,16,63,12,11,
,,,,,,
1639348912,3,5,64,4,4,
,,,,,,
1639348912,16,11,64,11,10,
,,,,,,
1639348912,16,1,69,7,6,
,,,,,,
1639348912,7,1,59,3,3,
,,,,,,
1639348912,3,-7,51,-5,-5,
,,,,,,
1639348912,9,19,42,15,14,
,,,,,,
1639348912,11,22,39,17,16,
,,,,,,
1639348912,11,42,52,33,30,
,,,,,,
1639348913,13,38,57,30,27,
,,,,,,
1639348913,10,40,57,31,29,
,,,,,,
1639348913,12,45,61,35,32,
,,,,,,
1639348913,12,31,48,24,22,
,,,,,,
1639348913,10,22,43,17,16,
,,,,,,
1639348913,15,29,37,23,20,
,,,,,,
1639348913,22,34,57,27,22,
,,,,,,
1639348914,-10,29,58,21,23,
,,,,,,
1639348914,7,50,44,39,37,
,,,,,,
1639348914,4,61,32,48,46,
,,,,,,
1639348914,-12,50,37,35,39,
,,,,,,
1639348914,-5,56,22,42,44,
,,,,,,
1639348914,-6,52,22,39,41,
,,,,,,
1639348914,-5,55,22,41,43,
,,,,,,
1639348914,-2,57,22,44,45,
,,,,,,
1639348915,-1,57,18,45,45,
,,,,,,
1639348915,-3,54,18,41,42,
,,,,,,
1639348915,-9,68,14,49,53,
,,,,,,
1639348915,-1,58,17,45,45,
,,,,,,
1639348915,-2,62,12,47,48,
,,,,,,
1639348915,1,61,9,48,48,
,,,,,,
1639348915,1,60,8,47,47,
,,,,,,
1639348915,1,60,8,47,47,
,,,,,,
1639348915,0,60,8,47,47,
,,,,,,
1639348916,0,60,8,47,47,
,,,,,,
1639348916,0,60,8,47,47,
,,,,,,
1639348916,0,60,8,47,47,
,,,,,,
1639348916,1,60,8,47,47,
,,,,,,
1639348916,0,60,8,47,47,
,,,,,,
1639348916,0,60,8,47,47,
,,,,,,
1639348916,0,60,8,47,47,
,,,,,,
1639348916,0,60,8,47,47,
,,,,,,
1639348917,0,60,8,47,47,
,,,,,,
1639348917,0,60,8,47,47,
,,,,,,
1639348917,0,60,8,47,47,
,,,,,,
1639348917,0,60,8,47,47,
,,,,,,
1639348917,0,60,8,47,47,
,,,,,,
1639348917,0,60,8,47,47,
,,,,,,
1639348917,0,60,8,47,47,
,,,,,,
1639348918,0,60,8,47,47,
,,,,,,
1639348918,1,60,8,47,47,
,,,,,,
1639348918,0,60,8,47,47,
,,,,,,
1639348918,1,60,9,47,47,
,,,,,,
1639348918,1,60,8,47,47,
,,,,,,
1639348918,0,60,8,47,47,
,,,,,,
1639348918,0,60,8,47,47,
,,,,,,
1639348918,0,60,8,47,47,
,,,,,,
1639348918,0,60,8,47,47,
,,,,,,
1639348919,0,60,8,47,47,
,,,,,,
1639348919,0,60,8,47,47,
,,,,,,
1639348919,0,60,8,47,47,
,,,,,,
1639348919,0,60,8,47,47,
,,,,,,
1639348919,0,59,8,46,46,
,,,,,,
1639348919,1,60,8,47,47,
,,,,,,
1639348919,1,60,8,47,47,
,,,,,,
1639348919,0,60,8,47,47,
,,,,,,
1639348920,0,60,8,47,47,
,,,,,,
1639348920,0,59,8,46,46,
,,,,,,
1639348920,0,60,8,47,47,
,,,,,,
1639348920,0,60,8,47,47,
,,,,,,
1639348920,0,60,8,47,47,
,,,,,,
1639348920,0,60,8,47,47,
,,,,,,
1639348920,0,60,9,47,47,
,,,,,,
1639348920,1,60,8,47,47,
,,,,,,
1639348921,0,60,8,47,47,
,,,,,,
1639348921,0,60,8,47,47,
,,,,,,
1639348921,0,59,9,46,46,
,,,,,,
1639348921,0,60,8,47,47,
,,,,,,
1639348921,0,60,9,47,47,
,,,,,,
1639348921,0,60,8,47,47,
,,,,,,
1639348921,0,60,8,47,47,
,,,,,,
1639348921,0,60,8,47,47,
,,,,,,
1639348921,0,60,8,47,47,
,,,,,,
1639348922,0,59,8,46,46,
,,,,,,
1639348922,0,60,8,47,47,
,,,,,,
1639348923,0,60,8,47,47,
,,,,,,
1639348924,1,60,8,47,47,
,,,,,,
1639348924,0,60,8,47,47,
,,,,,,
1639348924,0,60,8,47,47,
,,,,,,
1639348924,0,60,8,47,47,
,,,,,,
1639348924,0,60,8,47,47,
,,,,,,
1639348924,0,60,8,47,47,
